variable	form	section_header	branch
wais_ver	neuropsych_tests	NA	wais
fsiq	neuropsych_tests	NA	wais
vci	neuropsych_tests	NA	wais
sim_raw	neuropsych_tests	NA	wais
sim_ss	neuropsych_tests	NA	wais
voc_raw	neuropsych_tests	NA	wais
voc_ss	neuropsych_tests	NA	wais
in_raw	neuropsych_tests	NA	wais
in_ss	neuropsych_tests	NA	wais
pri	neuropsych_tests	NA	wais
bd_raw	neuropsych_tests	NA	wais
bd_ss	neuropsych_tests	NA	wais
mr_raw	neuropsych_tests	NA	wais
mr_ss	neuropsych_tests	NA	wais
vp_raw	neuropsych_tests	NA	wais
vp_ss	neuropsych_tests	NA	wais
wmi	neuropsych_tests	NA	wais
dsp_raw	neuropsych_tests	NA	wais
dsp_ss	neuropsych_tests	NA	wais
dsp_rel	neuropsych_tests	NA	wais
ar_raw	neuropsych_tests	NA	wais
ar_ss	neuropsych_tests	NA	wais
psi	neuropsych_tests	NA	wais
ss_raw	neuropsych_tests	NA	wais
ss_ss	neuropsych_tests	NA	wais
cd_raw	neuropsych_tests	NA	wais
cd_ss	neuropsych_tests	NA	wais
wms_ver	neuropsych_tests	NA	wms
lm_ver	neuropsych_tests	NA	wms
lmi_raw	neuropsych_tests	NA	wms
lmi_ss	neuropsych_tests	NA	wms
lmii_raw	neuropsych_tests	NA	wms
lmii_ss	neuropsych_tests	NA	wms
lmrec_raw	neuropsych_tests	NA	wms
lmrec_per	neuropsych_tests	NA	wms
vpai_raw	neuropsych_tests	NA	wms
vpai_ss	neuropsych_tests	NA	wms
vpaii_raw	neuropsych_tests	NA	wms
vpaii_ss	neuropsych_tests	NA	wms
vparec_raw	neuropsych_tests	NA	wms
vparec_perc	neuropsych_tests	NA	wms
vri_raw	neuropsych_tests	NA	wms
vri_ss	neuropsych_tests	NA	wms
vrii_raw	neuropsych_tests	NA	wms
vrii_ss	neuropsych_tests	NA	wms
vrrec_raw	neuropsych_tests	NA	wms
vrrec_per	neuropsych_tests	NA	wms
vrcopy_raw	neuropsych_tests	NA	wms
vrcopy_perc	neuropsych_tests	NA	wms
spat_span_raw	neuropsych_tests	NA	wms
spat_span_ss	neuropsych_tests	NA	wms
hvlt_form	neuropsych_tests	NA	hvlt
hvlt_tot_raw	neuropsych_tests	NA	hvlt
hvlt_tot_ss	neuropsych_tests	NA	hvlt
hvlt_tot_per	neuropsych_tests	NA	hvlt
hvlt_tot_int	neuropsych_tests	NA	hvlt
hvlt_delay_raw	neuropsych_tests	NA	hvlt
hvlt_delay_ss	neuropsych_tests	NA	hvlt
hvlt_perc_raw	neuropsych_tests	NA	hvlt
hvlt_perc_ss	neuropsych_tests	NA	hvlt
hvlt_disc_raw	neuropsych_tests	NA	hvlt
hvlt_disc_ss	neuropsych_tests	NA	hvlt
hvlt_disc_tp	neuropsych_tests	NA	hvlt
hvlt_disc_fp	neuropsych_tests	NA	hvlt
hvlt_disc_fn	neuropsych_tests	NA	hvlt
hvlt_memprofile	neuropsych_tests	NA	hvlt
hvlt_memprofile_mixedexplained	neuropsych_tests	NA	hvlt
hvltmemprofile2	neuropsych_tests	NA	hvlt
hvltmemprofile2_mixedexplained	neuropsych_tests	NA	hvlt
cvlt_form	neuropsych_tests	NA	cvlt
cvlt_tot_raw	neuropsych_tests	NA	cvlt
cvlt_tot_ss	neuropsych_tests	NA	cvlt
cvlt_sdelayfree_raw	neuropsych_tests	NA	cvlt
cvlt_sdelayfree_ss	neuropsych_tests	NA	cvlt
cvlt_sdelaycued_raw	neuropsych_tests	NA	cvlt
cvlt_sdelaycued_ss	neuropsych_tests	NA	cvlt
cvlt_ldelayfree_raw	neuropsych_tests	NA	cvlt
cvlt_ldelayfree_ss	neuropsych_tests	NA	cvlt
cvlt_ldelaycued_raw	neuropsych_tests	NA	cvlt
cvlt_ldelaycued_ss	neuropsych_tests	NA	cvlt
cvlt_recogdisc_raw	neuropsych_tests	NA	cvlt
cvlt_recogdisc_ss	neuropsych_tests	NA	cvlt
cvlt_fcrecog_perc	neuropsych_tests	NA	cvlt
bvmt_form	neuropsych_tests	NA	bvmt
bvmt_tot_raw	neuropsych_tests	NA	bvmt
bvmt_tot_ss	neuropsych_tests	NA	bvmt
bvmt_delay_raw	neuropsych_tests	NA	bvmt
bvmt_delay_ss	neuropsych_tests	NA	bvmt
bvmt_rec_raw	neuropsych_tests	NA	bvmt
bvmt_rec_perc	neuropsych_tests	NA	bvmt
bnt_ver	neuropsych_tests	NA	bnt
bnt_raw	neuropsych_tests	NA	bnt
bnt_ss	neuropsych_tests	NA	bnt
bdae_cim_raw	neuropsych_tests	NA	bdae
bdae_cim_ss	neuropsych_tests	NA	bdae
bdae_rs_raw	neuropsych_tests	NA	bdae
bdae_rn_raw	neuropsych_tests	NA	bdae
bdae_rn_class	neuropsych_tests	NA	bdae
bdae_ct_raw	neuropsych_tests	NA	bdae
bdae_sp_raw	neuropsych_tests	NA	bdae
bdae_praxis_ng_raw	neuropsych_tests	NA	bdae
bdae_praxis_cg_raw	neuropsych_tests	NA	bdae
bdae_praxis_upo_raw	neuropsych_tests	NA	bdae
bdae_praxis_bfrm_raw	neuropsych_tests	NA	bdae
bdae_wc_raw	neuropsych_tests	NA	bdae
wratread_form	neuropsych_tests	NA	wrat
wratread_raw	neuropsych_tests	NA	wrat
wratread_ss	neuropsych_tests	NA	wrat
wjiii_wa_raw	neuropsych_tests	NA	wjiii
wjiii_wa_ss	neuropsych_tests	NA	wjiii
clock_score	neuropsych_tests	NA	clock
clock_time	neuropsych_tests	NA	clock
clock_class	neuropsych_tests	NA	clock
jlo_form	neuropsych_tests	NA	jlo
jlo_raw	neuropsych_tests	NA	jlo
jlo_ss	neuropsych_tests	NA	jlo
sdmt_writ_raw	neuropsych_tests	NA	sdmt
sdmt_writ_ss	neuropsych_tests	NA	sdmt
sdmt_oral_raw	neuropsych_tests	NA	sdmt
sdmt_oral_ss	neuropsych_tests	NA	sdmt
pasat_form	neuropsych_tests	NA	pasat
pasat_3srate_raw	neuropsych_tests	NA	pasat
pasat_3srate_ss	neuropsych_tests	NA	pasat
pasat_2srate_raw	neuropsych_tests	NA	pasat
pasat_2srate_ss	neuropsych_tests	NA	pasat
cpt3_disc_ss	neuropsych_tests	NA	cpt3
cpt3_detect_class	neuropsych_tests	NA	cpt3
cpt3_omis_ss	neuropsych_tests	NA	cpt3
cpt3_omis_class	neuropsych_tests	NA	cpt3
cpt3_comis_ss	neuropsych_tests	NA	cpt3
cpt3_comis_class	neuropsych_tests	NA	cpt3
cpt3_per_ss	neuropsych_tests	NA	cpt3
cpt3_per_class	neuropsych_tests	NA	cpt3
cpt3_hrt_ss	neuropsych_tests	NA	cpt3
cpt3_hrt_class	neuropsych_tests	NA	cpt3
cpt3_hrtsd_ss	neuropsych_tests	NA	cpt3
cpt3_hrtsd_class	neuropsych_tests	NA	cpt3
cpt3_var_ss	neuropsych_tests	NA	cpt3
cpt3_var_class	neuropsych_tests	NA	cpt3
cpt3_hrtbc_ss	neuropsych_tests	NA	cpt3
cpt3_hrtbc_class	neuropsych_tests	NA	cpt3
cpt3_hrtisi_ss	neuropsych_tests	NA	cpt3
cpt3_hrtisi_class	neuropsych_tests	NA	cpt3
trails_ver	neuropsych_tests	NA	trails
trailsa_raw	neuropsych_tests	NA	trails
trailsa_ss	neuropsych_tests	NA	trails
trailsa_err	neuropsych_tests	NA	trails
trailsb_raw	neuropsych_tests	NA	trails
trailsb_ss	neuropsych_tests	NA	trails
trailsb_err	neuropsych_tests	NA	trails
wcst_ver	neuropsych_tests	NA	wcst
wcst_cat_raw	neuropsych_tests	NA	wcst
wcst_cat_perc	neuropsych_tests	NA	wcst
wcst_fms_raw	neuropsych_tests	NA	wcst
wcst_fms_perc	neuropsych_tests	NA	wcst
wcst_err_raw	neuropsych_tests	NA	wcst
wcst_err_ss	neuropsych_tests	NA	wcst
wcst_per_raw	neuropsych_tests	NA	wcst
wcst_per_ss	neuropsych_tests	NA	wcst
letfluency_ver	neuropsych_tests	NA	letterfluency
dkefsletterflue_raw	neuropsych_tests	NA	letterfluency
dkefsletterflue_ss	neuropsych_tests	NA	letterfluency
dkefsletterlfue_per	neuropsych_tests	NA	letterfluency
dkefsleterflue_int	neuropsych_tests	NA	letterfluency
letfluency_raw	neuropsych_tests	NA	letterfluency
letfluency_ss	neuropsych_tests	NA	letterfluency
letfluency_per	neuropsych_tests	NA	letterfluency
letfluency_int	neuropsych_tests	NA	letterfluency
catfluency_ver	neuropsych_tests	NA	letterfluency
dkefscatflu_raw	neuropsych_tests	NA	letterfluency
dkefscatflu_ss	neuropsych_tests	NA	letterfluency
dkefscatflu_per	neuropsych_tests	NA	letterfluency
dkefscatflu_int	neuropsych_tests	NA	letterfluency
catfluency_raw	neuropsych_tests	NA	letterfluency
catfluency_ss	neuropsych_tests	NA	letterfluency
catfluency_per	neuropsych_tests	NA	letterfluency
catfluency_int	neuropsych_tests	NA	letterfluency
dkefs_switch_vers	neuropsych_tests	NA	letterfluency
dkefsswitchfluency_raw	neuropsych_tests	NA	letterfluency
dkefsswitchfluency_ss	neuropsych_tests	NA	letterfluency
dkefsswitchaccuracy_raw	neuropsych_tests	NA	letterfluency
dkefsswitchaccuracy_ss	neuropsych_tests	NA	letterfluency
dkefstrails_vis_scan_raw	neuropsych_tests	NA	letterfluency
dkefstrails_vis_scan_ss	neuropsych_tests	NA	letterfluency
dkefstrails_num_seq_raw	neuropsych_tests	NA	letterfluency
dkefstrails_num_seq_ss	neuropsych_tests	NA	letterfluency
dkefstrails_let_seq_raw	neuropsych_tests	NA	letterfluency
dkefstrails_let_seq_ss	neuropsych_tests	NA	letterfluency
dkefstrails_switch_raw	neuropsych_tests	NA	letterfluency
dkefstrails_switch_ss	neuropsych_tests	NA	letterfluency
dkefstrails_errors_raw	neuropsych_tests	NA	letterfluency
dkefstrails_errors_ss	neuropsych_tests	NA	letterfluency
dkefstrails_mot_speed_raw	neuropsych_tests	NA	letterfluency
dkefstrails_mot_speed_ss	neuropsych_tests	NA	letterfluency
dkefstower_ach_score_raw	neuropsych_tests	NA	letterfluency
dkefstower_ach_score_ss	neuropsych_tests	NA	letterfluency
dkefstower_mean1move_raw	neuropsych_tests	NA	letterfluency
dkefstower_mean1move_ss	neuropsych_tests	NA	letterfluency
dkefstower_timepermove_raw	neuropsych_tests	NA	letterfluency
dkefstower_timepermove_ss	neuropsych_tests	NA	letterfluency
dkefstower_move_acc_raw	neuropsych_tests	NA	letterfluency
dkefstower_move_acc_ss	neuropsych_tests	NA	letterfluency
dkefstower_rule_viol_raw	neuropsych_tests	NA	letterfluency
dkefstower_rule_viol_ss	neuropsych_tests	NA	letterfluency
dkefstower_tot_rvs_raw	neuropsych_tests	NA	letterfluency
dkefstower_tot_rvs_perc	neuropsych_tests	NA	letterfluency
book_cat_errors_raw	neuropsych_tests	NA	book
book_cat_errors_ss	neuropsych_tests	NA	book
pegs_dh_trial1_raw	neuropsych_tests	NA	pegs
pegs_dh_trial1_ss	neuropsych_tests	NA	pegs
pegs_ndh_trial1_raw	neuropsych_tests	NA	pegs
pegs_ndh_trial1_ss	neuropsych_tests	NA	pegs
gripstrength_dh_raw	neuropsych_tests	NA	gripstrength
gripstrength_dh_ss	neuropsych_tests	NA	gripstrength
gripstrength_ndh_raw	neuropsych_tests	NA	gripstrength
gripstrength_ndh_ss	neuropsych_tests	NA	gripstrength
gds_raw	neuropsych_tests	NA	gds
gds_class	neuropsych_tests	NA	gds
bdi_raw	neuropsych_tests	NA	bdi
bdi_class	neuropsych_tests	NA	bdi
depression_label	neuropsych_tests	NA	bdi
adfacs_iadlperc	neuropsych_tests	NA	adfacs
adfacs_adlperc	neuropsych_tests	NA	adfacs
adfacs_tot	neuropsych_tests	NA	adfacs
maq_physio_panic	neuropsych_tests	NA	maq
maq_soc_pho	neuropsych_tests	NA	maq
maq_worry_fear	neuropsych_tests	NA	maq
maq_neg_aff	neuropsych_tests	NA	maq
maq_tot	neuropsych_tests	NA	maq
bai_raw	neuropsych_tests	NA	bai
bai_ss	neuropsych_tests	NA	bai
bai_class	neuropsych_tests	NA	bai
