test,test_no,identifier
COGNITIVE STATUS,1,COGNITIVE STATUS
Information & Orientation (WMS-III),1,Information & Orientation (WMS-III)
Temporal Orientation,1,Temporal Orientation
Mini Mental State Examination,1,Mini Mental State Examination
R-BANS,1,R-BANS
R-BANS,1,R-BANS | Total Scale
R-BANS,1,R-BANS | Immediate Memory
R-BANS,1,R-BANS | Immediate Memory | List Learning
R-BANS,1,R-BANS | Immediate Memory | Story Memory
R-BANS,1,R-BANS | Visuospatial/Constructional
R-BANS,1,R-BANS | Visuospatial/Constructional | Figure Copy
R-BANS,1,R-BANS | Visuospatial/Constructional | Line Orientation
R-BANS,1,R-BANS | Language
R-BANS,1,R-BANS | Language | Picture Naming
R-BANS,1,R-BANS | Language | Semantic Fluency
R-BANS,1,R-BANS | Attention
R-BANS,1,R-BANS | Attention | Digit Span
R-BANS,1,R-BANS | Attention | Coding
R-BANS,1,R-BANS | Delayed Memory
R-BANS,1,R-BANS | Delayed Memory | List Recall
R-BANS,1,R-BANS | Delayed Memory | List Recognition
R-BANS,1,R-BANS | Delayed Memory | Story Recall
R-BANS,1,R-BANS | Delayed Memory | Figure Recall
Mattis Dementia Rating Scale-2,1,Mattis Dementia Rating Scale-2
Mattis Dementia Rating Scale-2,1,Mattis Dementia Rating Scale-2 | Attention
Mattis Dementia Rating Scale-2,1,Mattis Dementia Rating Scale-2 | Initiation / Perseveration
Mattis Dementia Rating Scale-2,1,Mattis Dementia Rating Scale-2 | Constructional
Mattis Dementia Rating Scale-2,1,Mattis Dementia Rating Scale-2 | Conceptualization
Mattis Dementia Rating Scale-2,1,Mattis Dementia Rating Scale-2 | Memory
Mattis Dementia Rating Scale-2,1,Mattis Dementia Rating Scale-2 | Total Score
Montreal Cognitive Assessment,1,Montreal Cognitive Assessment
INTELLECTUAL ABILITY,1,INTELLECTUAL ABILITY
Wechsler Adult Intelligence Scale-IV,1,Wechsler Adult Intelligence Scale-IV
Wechsler Adult Intelligence Scale-IV,1,Wechsler Adult Intelligence Scale-IV | Full Scale IQ
Wechsler Adult Intelligence Scale-IV,1,Wechsler Adult Intelligence Scale-IV | Verbal Comprehension Index
Wechsler Adult Intelligence Scale-IV,1,Wechsler Adult Intelligence Scale-IV | Verbal Comprehension Index | Similarities
Wechsler Adult Intelligence Scale-IV,1,Wechsler Adult Intelligence Scale-IV | Verbal Comprehension Index | Vocabulary
Wechsler Adult Intelligence Scale-IV,1,Wechsler Adult Intelligence Scale-IV | Verbal Comprehension Index | Information
Wechsler Adult Intelligence Scale-IV,1,Wechsler Adult Intelligence Scale-IV | Verbal Comprehension Index | Comprehension
Wechsler Adult Intelligence Scale-IV,1,Wechsler Adult Intelligence Scale-IV | Perceptual Reasoning Index
Wechsler Adult Intelligence Scale-IV,1,Wechsler Adult Intelligence Scale-IV | Perceptual Reasoning Index | Block Design
Wechsler Adult Intelligence Scale-IV,1,Wechsler Adult Intelligence Scale-IV | Perceptual Reasoning Index | Matrix Reasoning
Wechsler Adult Intelligence Scale-IV,1,Wechsler Adult Intelligence Scale-IV | Perceptual Reasoning Index | Visual Puzzles
Wechsler Adult Intelligence Scale-IV,1,Wechsler Adult Intelligence Scale-IV | Perceptual Reasoning Index | Picture Completion
Wechsler Adult Intelligence Scale-IV,1,Wechsler Adult Intelligence Scale-IV | Perceptual Reasoning Index | Figure Weights
Wechsler Adult Intelligence Scale-IV,1,Wechsler Adult Intelligence Scale-IV | Working Memory Index
Wechsler Adult Intelligence Scale-IV,1,Wechsler Adult Intelligence Scale-IV | Working Memory Index | Digit Span
Wechsler Adult Intelligence Scale-IV,1,Wechsler Adult Intelligence Scale-IV | Working Memory Index | Digit Span | Forward
Wechsler Adult Intelligence Scale-IV,1,Wechsler Adult Intelligence Scale-IV | Working Memory Index | Digit Span | Backward
Wechsler Adult Intelligence Scale-IV,1,Wechsler Adult Intelligence Scale-IV | Working Memory Index | Digit Span | Sequencing
Wechsler Adult Intelligence Scale-IV,1,Wechsler Adult Intelligence Scale-IV | Working Memory Index | Arithmetic
Wechsler Adult Intelligence Scale-IV,1,Wechsler Adult Intelligence Scale-IV | Working Memory Index | L-N Sequencing
Wechsler Adult Intelligence Scale-IV,1,Wechsler Adult Intelligence Scale-IV | Processing Speed Index
Wechsler Adult Intelligence Scale-IV,1,Wechsler Adult Intelligence Scale-IV | Processing Speed Index | Symbol Search
Wechsler Adult Intelligence Scale-IV,1,Wechsler Adult Intelligence Scale-IV | Processing Speed Index | Coding
Wechsler Adult Intelligence Scale-IV,1,Wechsler Adult Intelligence Scale-IV | Processing Speed Index | Cancellation
Wechsler Adult Intelligence Scale-III,1,Wechsler Adult Intelligence Scale-III
Wechsler Adult Intelligence Scale-III,1,Wechsler Adult Intelligence Scale-III | Verbal IQ
Wechsler Adult Intelligence Scale-III,1,Wechsler Adult Intelligence Scale-III | Performance IQ
Wechsler Adult Intelligence Scale-III,1,Wechsler Adult Intelligence Scale-III | Full Scale IQ
Wechsler Adult Intelligence Scale-III,1,Wechsler Adult Intelligence Scale-III | Verbal Comprehension Index
Wechsler Adult Intelligence Scale-III,1,Wechsler Adult Intelligence Scale-III | Verbal Comprehension Index | Vocabulary
Wechsler Adult Intelligence Scale-III,1,Wechsler Adult Intelligence Scale-III | Verbal Comprehension Index | Similarities
Wechsler Adult Intelligence Scale-III,1,Wechsler Adult Intelligence Scale-III | Verbal Comprehension Index | Information
Wechsler Adult Intelligence Scale-III,1,Wechsler Adult Intelligence Scale-III | Verbal Comprehension Index | Comprehension
Wechsler Adult Intelligence Scale-III,1,Wechsler Adult Intelligence Scale-III | Perceptual Organization Index
Wechsler Adult Intelligence Scale-III,1,Wechsler Adult Intelligence Scale-III | Perceptual Organization Index | Picture Completion
Wechsler Adult Intelligence Scale-III,1,Wechsler Adult Intelligence Scale-III | Perceptual Organization Index | Block Design
Wechsler Adult Intelligence Scale-III,1,Wechsler Adult Intelligence Scale-III | Perceptual Organization Index | Matrix Reasoning
Wechsler Adult Intelligence Scale-III,1,Wechsler Adult Intelligence Scale-III | Perceptual Organization Index | Picture Arrangement
Wechsler Adult Intelligence Scale-III,1,Wechsler Adult Intelligence Scale-III | Working Memory Index
Wechsler Adult Intelligence Scale-III,1,Wechsler Adult Intelligence Scale-III | Working Memory Index | Arithmetic
Wechsler Adult Intelligence Scale-III,1,Wechsler Adult Intelligence Scale-III | Working Memory Index | Digit Span
Wechsler Adult Intelligence Scale-III,1,Wechsler Adult Intelligence Scale-III | Working Memory Index | L-N Sequencing
Wechsler Adult Intelligence Scale-III,1,Wechsler Adult Intelligence Scale-III | Processing Speed Index
Wechsler Adult Intelligence Scale-III,1,Wechsler Adult Intelligence Scale-III | Processing Speed Index | Digit Symbol-Coding
Wechsler Adult Intelligence Scale-III,1,Wechsler Adult Intelligence Scale-III | Processing Speed Index | Symbol Search
Test of Premorbid Function (ACS),1,Test of Premorbid Function (ACS)
MEMORY & LEARNING,1,MEMORY & LEARNING
Wechsler Memory Scale-IV,1,Wechsler Memory Scale-IV
Wechsler Memory Scale-IV,1,Wechsler Memory Scale-IV | Auditory Memory Index
Wechsler Memory Scale-IV,1,Wechsler Memory Scale-IV | Auditory Memory Index | Logical Memory I
Wechsler Memory Scale-IV,1,Wechsler Memory Scale-IV | Auditory Memory Index | Logical Memory II
Wechsler Memory Scale-IV,1,Wechsler Memory Scale-IV | Auditory Memory Index | LM Recognition
Wechsler Memory Scale-IV,1,Wechsler Memory Scale-IV | Auditory Memory Index | Verbal Paired Associates I
Wechsler Memory Scale-IV,1,Wechsler Memory Scale-IV | Auditory Memory Index | Verbal Paired Associates II
Wechsler Memory Scale-IV,1,Wechsler Memory Scale-IV | Auditory Memory Index | VPA Recognition
Wechsler Memory Scale-IV,1,Wechsler Memory Scale-IV | Visual Memory Index
Wechsler Memory Scale-IV,1,Wechsler Memory Scale-IV | Visual Memory Index | Visual Reproduction I
Wechsler Memory Scale-IV,1,Wechsler Memory Scale-IV | Visual Memory Index | Visual Reproduction II
Wechsler Memory Scale-IV,1,Wechsler Memory Scale-IV | Visual Memory Index | VR Recognition
Wechsler Memory Scale-IV,1,Wechsler Memory Scale-IV | Visual Memory Index | Designs I
Wechsler Memory Scale-IV,1,Wechsler Memory Scale-IV | Visual Memory Index | Designs II
Wechsler Memory Scale-IV,1,Wechsler Memory Scale-IV | Visual Memory Index | Designs Recognition
Wechsler Memory Scale-IV,1,Wechsler Memory Scale-IV | Visual Working Memory Index
Wechsler Memory Scale-IV,1,Wechsler Memory Scale-IV | Visual Working Memory Index | Symbol Span
Wechsler Memory Scale-IV,1,Wechsler Memory Scale-IV | Visual Working Memory Index | Spatial Addition
Wechsler Memory Scale-IV,1,Wechsler Memory Scale-IV | Immediate Memory Index
Wechsler Memory Scale-IV,1,Wechsler Memory Scale-IV | Delayed Memory Index
Wechsler Memory Scale-III,1,Wechsler Memory Scale-III
Wechsler Memory Scale-III,1,Wechsler Memory Scale-III | Immediate Memory Index
Wechsler Memory Scale-III,1,Wechsler Memory Scale-III | Auditory Immediate
Wechsler Memory Scale-III,1,Wechsler Memory Scale-III | Visual Immediate
Wechsler Memory Scale-III,1,Wechsler Memory Scale-III | General Memory Index
Wechsler Memory Scale-III,1,Wechsler Memory Scale-III | Auditory Delayed
Wechsler Memory Scale-III,1,Wechsler Memory Scale-III | Visual Delayed
Wechsler Memory Scale-III,1,Wechsler Memory Scale-III | Auditory Recognition Delayed
Wechsler Memory Scale-III,1,Wechsler Memory Scale-III | Working Memory Index
Wechsler Memory Scale-III,1,Wechsler Memory Scale-III | Auditory Memory
Wechsler Memory Scale-III,1,Wechsler Memory Scale-III | Auditory Memory | Logical Memory I
Wechsler Memory Scale-III,1,Wechsler Memory Scale-III | Auditory Memory | Logical Memory II
Wechsler Memory Scale-III,1,Wechsler Memory Scale-III | Auditory Memory | Logical Memory % Retention
Wechsler Memory Scale-III,1,Wechsler Memory Scale-III | Auditory Memory | Logical Memory Recognition
Wechsler Memory Scale-III,1,Wechsler Memory Scale-III | Auditory Memory | Thematic I
Wechsler Memory Scale-III,1,Wechsler Memory Scale-III | Auditory Memory | Thematic II
Wechsler Memory Scale-III,1,Wechsler Memory Scale-III | Auditory Memory | Verbal Paired Associates I
Wechsler Memory Scale-III,1,Wechsler Memory Scale-III | Auditory Memory | Verbal Paired Associates II
Wechsler Memory Scale-III,1,Wechsler Memory Scale-III | Auditory Memory | VPA Recognition
Wechsler Memory Scale-III,1,Wechsler Memory Scale-III | Auditory Memory | VPA % Retention
Wechsler Memory Scale-III,1,Wechsler Memory Scale-III | Auditory Memory | Word Lists I
Wechsler Memory Scale-III,1,Wechsler Memory Scale-III | Auditory Memory | Word Lists II
Wechsler Memory Scale-III,1,Wechsler Memory Scale-III | Auditory Memory | Word Lists Recognition
Wechsler Memory Scale-III,1,Wechsler Memory Scale-III | Auditory Memory | Word Lists % Retention
Wechsler Memory Scale-III,1,Wechsler Memory Scale-III | Visual Memory
Wechsler Memory Scale-III,1,Wechsler Memory Scale-III | Visual Memory | Visual Reproduction I
Wechsler Memory Scale-III,1,Wechsler Memory Scale-III | Visual Memory | Visual Reproduction II
Wechsler Memory Scale-III,1,Wechsler Memory Scale-III | Visual Memory | Visual Reproduction % Retention
Wechsler Memory Scale-III,1,Wechsler Memory Scale-III | Visual Memory | Visual Reproduction Recognition
Wechsler Memory Scale-III,1,Wechsler Memory Scale-III | Visual Memory | Visual Reproduction Copy
Wechsler Memory Scale-III,1,Wechsler Memory Scale-III | Visual Memory | Faces I
Wechsler Memory Scale-III,1,Wechsler Memory Scale-III | Visual Memory | Faces II
Wechsler Memory Scale-III,1,Wechsler Memory Scale-III | Visual Memory | Faces Recognition
Wechsler Memory Scale-III,1,Wechsler Memory Scale-III | Visual Memory | Faces % Retention
Wechsler Memory Scale-III,1,Wechsler Memory Scale-III | Visual Memory | Family Pictures I
Wechsler Memory Scale-III,1,Wechsler Memory Scale-III | Visual Memory | Family Pictures II
Wechsler Memory Scale-III,1,Wechsler Memory Scale-III | Visual Memory | Family Pictures Recognition
Wechsler Memory Scale-III,1,Wechsler Memory Scale-III | Visual Memory | Family Pictures % Retention
Wechsler Memory Scale-III,1,Wechsler Memory Scale-III | Working Memory
Wechsler Memory Scale-III,1,Wechsler Memory Scale-III | Working Memory | Spatial Span
Wechsler Memory Scale-III,1,Wechsler Memory Scale-III | Working Memory | L-N Sequencing
Wechsler Memory Scale-III,1,Wechsler Memory Scale-III | Working Memory | Digit Span
Wechsler Memory Scale-III,1,Wechsler Memory Scale-III | Working Memory | Mental Control
Rey-Auditory Verbal Learning Task,1,Rey-Auditory Verbal Learning Task
Rey-Auditory Verbal Learning Task,1,Rey-Auditory Verbal Learning Task | Trial 1
Rey-Auditory Verbal Learning Task,1,Rey-Auditory Verbal Learning Task | Trial 2
Rey-Auditory Verbal Learning Task,1,Rey-Auditory Verbal Learning Task | Trial 3
Rey-Auditory Verbal Learning Task,1,Rey-Auditory Verbal Learning Task | Trial 4
Rey-Auditory Verbal Learning Task,1,Rey-Auditory Verbal Learning Task | Trial 5
Rey-Auditory Verbal Learning Task,1,Rey-Auditory Verbal Learning Task | List B
Rey-Auditory Verbal Learning Task,1,Rey-Auditory Verbal Learning Task | Trial 6
Rey-Auditory Verbal Learning Task,1,Rey-Auditory Verbal Learning Task | Sum of Trials 1-5
Rey-Auditory Verbal Learning Task,1,Rey-Auditory Verbal Learning Task | Delayed Recall
Rey-Auditory Verbal Learning Task,1,Rey-Auditory Verbal Learning Task | Recognition
Rey-Auditory Verbal Learning Task,1,Rey-Auditory Verbal Learning Task | False Positive Errors
Rey-Auditory Verbal Learning Task,1,Rey-Auditory Verbal Learning Task | Recognition %
Rey-Auditory Verbal Learning Task,1,Rey-Auditory Verbal Learning Task | Learning Over Trials
Rey-Auditory Verbal Learning Task,1,Rey-Auditory Verbal Learning Task | Learning Efficiency Index
Rey-Auditory Verbal Learning Task,1,Rey-Auditory Verbal Learning Task | Short Term Retention %
Rey-Auditory Verbal Learning Task,1,Rey-Auditory Verbal Learning Task | Long Term Retention %
Rey-Auditory Verbal Learning Task,1,Rey-Auditory Verbal Learning Task | Percent Rentention Index
Selective Reminding Test,1,Selective Reminding Test
Selective Reminding Test,1,Selective Reminding Test | Long Term Storage
Selective Reminding Test,1,Selective Reminding Test | Consistent Long Term Retrieval
Selective Reminding Test,1,Selective Reminding Test | Delayed Recall
Selective Reminding Test,1,Selective Reminding Test | Recognition
California Verbal Learning Task-II,1,California Verbal Learning Task-II
California Verbal Learning Task-II,1,California Verbal Learning Task-II | Total Recall
California Verbal Learning Task-II,1,California Verbal Learning Task-II | Short Delay Free Recall
California Verbal Learning Task-II,1,California Verbal Learning Task-II | Short Delay Cued Recall
California Verbal Learning Task-II,1,California Verbal Learning Task-II | Long Delay Free Recall
California Verbal Learning Task-II,1,California Verbal Learning Task-II | Long Delay Cued Recall
California Verbal Learning Task-II,1,California Verbal Learning Task-II | Recognition Discriminability
California Verbal Learning Task-II,1,California Verbal Learning Task-II | Forced Choice Recognition
Hopkins Verbal Learning Task-R,1,Hopkins Verbal Learning Task-R
Hopkins Verbal Learning Task-R,1,Hopkins Verbal Learning Task-R | Total Recall
Hopkins Verbal Learning Task-R,1,Hopkins Verbal Learning Task-R | Delayed Recall
Hopkins Verbal Learning Task-R,1,Hopkins Verbal Learning Task-R | Percent Retention
Hopkins Verbal Learning Task-R,1,Hopkins Verbal Learning Task-R | Discrimination Index
Brief Visuospatial Memory Test-R,1,Brief Visuospatial Memory Test-R
Brief Visuospatial Memory Test-R,1,Brief Visuospatial Memory Test-R | Total Recall
Brief Visuospatial Memory Test-R,1,Brief Visuospatial Memory Test-R | Delayed Recall
Brief Visuospatial Memory Test-R,1,Brief Visuospatial Memory Test-R | Discrimination Index
HVLT/BVMT Discrepancy Total Recall,1,HVLT/BVMT Discrepancy Total Recall
HVLT/BVMT Discrepancy Delay Recall,1,HVLT/BVMT Discrepancy Delay Recall
7/24 Spatial Recall Test,1,7/24 Spatial Recall Test
7/24 Spatial Recall Test,1,7/24 Spatial Recall Test | Immediate Recall
7/24 Spatial Recall Test,1,7/24 Spatial Recall Test | Delayed Recall
Rey-O Complex Figure Test,1,Rey-O Complex Figure Test
Rey-O Complex Figure Test,1,Rey-O Complex Figure Test | Immediate Recall
Rey-O Complex Figure Test,1,Rey-O Complex Figure Test | Delayed Recall
Rey-O Complex Figure Test,1,Rey-O Complex Figure Test | Recognition
Rush Object Recall Test,1,Rush Object Recall Test
Rush Object Recall Test,1,Rush Object Recall Test | Immediate Recall
Rush Object Recall Test,1,Rush Object Recall Test | Recognition
TOMM,1,TOMM
TOMM,1,TOMM | Trial 1
TOMM,1,TOMM | Trial 2
TOMM,1,TOMM | Trial 3
Rey-15 Item,1,Rey-15 Item
Correct Sequence/Location (Rows),1,Correct Sequence/Location (Rows)
Correct (Rows),1,Correct (Rows)
Correct Matrix Location (Items),1,Correct Matrix Location (Items)
Correct (Items),1,Correct (Items)
Recognition,1,Recognition
Word Memory Test,1,Word Memory Test
Word Memory Test,1,Word Memory Test | Immediate Recognition
Word Memory Test,1,Word Memory Test | Delayed Recognition
Word Memory Test,1,Word Memory Test | Consistency
Word Memory Test,1,Word Memory Test | Multiple Choice Recognition
Word Memory Test,1,Word Memory Test | Paired Associates
Word Memory Test,1,Word Memory Test | Short-Delay Free Recall
Word Memory Test,1,Word Memory Test | Long-Delay Free Recall
Word Choice (ACS),1,Word Choice (ACS)
VSVT,1,VSVT
VSVT,1,VSVT | Easy Items Correct (  /24)
VSVT,1,VSVT | Difficult Items Correct (  /24)
VSVT,1,VSVT | Total Items Correct (  /24)
NAB Memory Module,1,NAB Memory Module
NAB Memory Module,1,NAB Memory Module | List Learning
NAB Memory Module,1,NAB Memory Module | List Learning | List A - Trial 1
NAB Memory Module,1,NAB Memory Module | List Learning | List A - Trial 2
NAB Memory Module,1,NAB Memory Module | List Learning | List A - Trial 3
NAB Memory Module,1,NAB Memory Module | List Learning | Immediate Recall A
NAB Memory Module,1,NAB Memory Module | List Learning | Immediate Recall B
NAB Memory Module,1,NAB Memory Module | List Learning | Short Delayed Recall A
NAB Memory Module,1,NAB Memory Module | List Learning | Long Delayed Recall A
NAB Memory Module,1,NAB Memory Module | List Learning | Percent Retention
NAB Memory Module,1,NAB Memory Module | List Learning | Forced Choice Recognition
NAB Memory Module,1,NAB Memory Module | List Learning | Forced Choice False Alarms
NAB Memory Module,1,NAB Memory Module | List Learning | Discriminability Index
NAB Memory Module,1,NAB Memory Module | Shape Learning
NAB Memory Module,1,NAB Memory Module | Shape Learning | Trial 1
NAB Memory Module,1,NAB Memory Module | Shape Learning | Trial 2
NAB Memory Module,1,NAB Memory Module | Shape Learning | Trial 3
NAB Memory Module,1,NAB Memory Module | Shape Learning | Immediate Recognition
NAB Memory Module,1,NAB Memory Module | Shape Learning | Delayed Recognition
NAB Memory Module,1,NAB Memory Module | Shape Learning | Percent Retention
NAB Memory Module,1,NAB Memory Module | Shape Learning | Forced Choice Recognition
NAB Memory Module,1,NAB Memory Module | Shape Learning | Forced Choice False Alarms
NAB Memory Module,1,NAB Memory Module | Shape Learning | Discriminability Index
NAB Memory Module,1,NAB Memory Module | Story Learning
NAB Memory Module,1,NAB Memory Module | Story Learning | Immediate Recall
NAB Memory Module,1,NAB Memory Module | Story Learning | Delayed Recall
NAB Memory Module,1,NAB Memory Module | Daily Living Memory
NAB Memory Module,1,NAB Memory Module | Daily Living Memory | Immediate Recall
NAB Memory Module,1,NAB Memory Module | Daily Living Memory | Delayed Recall
NAB Memory Module,1,NAB Memory Module | Daily Living Memory | Retention
NAB Memory Module,1,NAB Memory Module | Daily Living Memory | Recognition
NAB Memory Module,1,NAB Memory Module | Daily Living Memory | Recall vs Recognition
NAB Memory Module,1,NAB Memory Module | Memory Index (MEM)
LANGUAGE,1,LANGUAGE
Boston Diagnostic Aphasia Exam-3,1,Boston Diagnostic Aphasia Exam-3
Boston Diagnostic Aphasia Exam-3,1,Boston Diagnostic Aphasia Exam-3 | Boston Naming Test
Boston Diagnostic Aphasia Exam-3,1,Boston Diagnostic Aphasia Exam-3 | Boston Naming Test +
Boston Diagnostic Aphasia Exam-3,1,Boston Diagnostic Aphasia Exam-3 | Boston Naming Test (Short)
Boston Diagnostic Aphasia Exam-3,1,Boston Diagnostic Aphasia Exam-3 | Complex Ideational Material
Boston Diagnostic Aphasia Exam-3,1,Boston Diagnostic Aphasia Exam-3 | Commands
Boston Diagnostic Aphasia Exam-3,1,Boston Diagnostic Aphasia Exam-3 | Repeating Phrases
Boston Diagnostic Aphasia Exam-3,1,Boston Diagnostic Aphasia Exam-3 | Picture Description: Cookie Theft
Multi-Lingual Aphasia Exam-3,1,Multi-Lingual Aphasia Exam-3
Multi-Lingual Aphasia Exam-3,1,Multi-Lingual Aphasia Exam-3 | Tokens
Multi-Lingual Aphasia Exam-3,1,Multi-Lingual Aphasia Exam-3 | Sentence Repetition
Multi-Lingual Aphasia Exam-3,1,Multi-Lingual Aphasia Exam-3 | Visual Naming
Right-Left Orientation,1,Right-Left Orientation
Peabody Picture Vocabulary Test-4,1,Peabody Picture Vocabulary Test-4
NAB Language Module,1,NAB Language Module
NAB Language Module,1,NAB Language Module | Oral Production
NAB Language Module,1,NAB Language Module | Auditory Comprehension
NAB Language Module,1,NAB Language Module | Naming
NAB Language Module,1,NAB Language Module | Reading Comprehension
NAB Language Module,1,NAB Language Module | Writing
NAB Language Module,1,NAB Language Module | Bill Payment
NAB Language Module,1,NAB Language Module | Language Index (LAN)
ACADEMIC ACHIEVEMENT,1,ACADEMIC ACHIEVEMENT
Wide Range Achievement Tests-4,1,Wide Range Achievement Tests-4
Wide Range Achievement Tests-4,1,Wide Range Achievement Tests-4 | Word Reading
Wide Range Achievement Tests-4,1,Wide Range Achievement Tests-4 | Spelling
Wide Range Achievement Tests-4,1,Wide Range Achievement Tests-4 | Math Computation
Wide Range Achievement Tests-4,1,Wide Range Achievement Tests-4 | Sentence Comprehension
WJ-III Tests of Achievement,1,WJ-III Tests of Achievement
WJ-III Tests of Achievement,1,WJ-III Tests of Achievement | Academic Skills
WJ-III Tests of Achievement,1,WJ-III Tests of Achievement | Academic Applications
WJ-III Tests of Achievement,1,WJ-III Tests of Achievement | Academic Fluency
WJ-III Tests of Achievement,1,WJ-III Tests of Achievement | Broad Reading
WJ-III Tests of Achievement,1,WJ-III Tests of Achievement | Broad Reading | Letter-Word Identification
WJ-III Tests of Achievement,1,WJ-III Tests of Achievement | Broad Reading | Reading Fluency
WJ-III Tests of Achievement,1,WJ-III Tests of Achievement | Broad Reading | Passage Comprehension
WJ-III Tests of Achievement,1,WJ-III Tests of Achievement | Broad Written Language
WJ-III Tests of Achievement,1,WJ-III Tests of Achievement | Broad Written Language | Spelling
WJ-III Tests of Achievement,1,WJ-III Tests of Achievement | Broad Written Language | Writing Fluency
WJ-III Tests of Achievement,1,WJ-III Tests of Achievement | Broad Written Language | Writing Samples
WJ-III Tests of Achievement,1,WJ-III Tests of Achievement | Broad Math
WJ-III Tests of Achievement,1,WJ-III Tests of Achievement | Broad Math | Calculation
WJ-III Tests of Achievement,1,WJ-III Tests of Achievement | Broad Math | Math Fluency
WJ-III Tests of Achievement,1,WJ-III Tests of Achievement | Broad Math | Applied Problems
WJ-III Tests of Achievement,1,WJ-III Tests of Achievement | Basic Reading Skills
WJ-III Tests of Achievement,1,WJ-III Tests of Achievement | Basic Reading Skills | Word Attack
Nelson-Denny Reading,1,Nelson-Denny Reading
Nelson-Denny Reading,1,Nelson-Denny Reading | Comprehension
Nelson-Denny Reading,1,Nelson-Denny Reading | Comprehension (Extended Time)
Nelson-Denny Reading,1,Nelson-Denny Reading | Reading Rate
Gray's Oral Reading Tests-4,1,Gray's Oral Reading Tests-4
Gray's Oral Reading Tests-4,1,Gray's Oral Reading Tests-4 | Rate Score
Gray's Oral Reading Tests-4,1,Gray's Oral Reading Tests-4 | Accuracy Score
Gray's Oral Reading Tests-4,1,Gray's Oral Reading Tests-4 | Fluency Score
Gray's Oral Reading Tests-4,1,Gray's Oral Reading Tests-4 | Comprehension Score
Wechsler Individual Achievement Test-III,1,Wechsler Individual Achievement Test-III
Wechsler Individual Achievement Test-III,1,Wechsler Individual Achievement Test-III | Total Achievment:
Wechsler Individual Achievement Test-III,1,Wechsler Individual Achievement Test-III | Total Reading Composite
Wechsler Individual Achievement Test-III,1,Wechsler Individual Achievement Test-III | Total Reading Composite | Reading Comprehension
Wechsler Individual Achievement Test-III,1,Wechsler Individual Achievement Test-III | Total Reading Composite | Pseudoword Decoding
Wechsler Individual Achievement Test-III,1,Wechsler Individual Achievement Test-III | Total Reading Composite | Pseudoword Decoding Speed
Wechsler Individual Achievement Test-III,1,Wechsler Individual Achievement Test-III | Total Reading Composite | Oral Reading Fluency
Wechsler Individual Achievement Test-III,1,Wechsler Individual Achievement Test-III | Total Reading Composite | Word Reading
Wechsler Individual Achievement Test-III,1,Wechsler Individual Achievement Test-III | Total Reading Composite | Word Reading Speed
Wechsler Individual Achievement Test-III,1,Wechsler Individual Achievement Test-III | Basic Reading Composite
Wechsler Individual Achievement Test-III,1,Wechsler Individual Achievement Test-III | Reading Comprehension and Fluency
Wechsler Individual Achievement Test-III,1,Wechsler Individual Achievement Test-III | Written Expression
Wechsler Individual Achievement Test-III,1,Wechsler Individual Achievement Test-III | Written Expression | Spelling
Wechsler Individual Achievement Test-III,1,Wechsler Individual Achievement Test-III | Written Expression | Sentence Composition
Wechsler Individual Achievement Test-III,1,Wechsler Individual Achievement Test-III | Written Expression | Sentence Composition | (Sentence Combining)
Wechsler Individual Achievement Test-III,1,Wechsler Individual Achievement Test-III | Written Expression | Sentence Composition | (Sentence Building)
Wechsler Individual Achievement Test-III,1,Wechsler Individual Achievement Test-III | Written Expression | Essay Composistion
Wechsler Individual Achievement Test-III,1,Wechsler Individual Achievement Test-III | Written Expression | Essay Composistion | (Word Count)
Wechsler Individual Achievement Test-III,1,Wechsler Individual Achievement Test-III | Written Expression | Essay Composistion | (Theme Development/Organization)
Wechsler Individual Achievement Test-III,1,Wechsler Individual Achievement Test-III | Written Expression | Mathematics Composite
Wechsler Individual Achievement Test-III,1,Wechsler Individual Achievement Test-III | Written Expression | Mathematics Composite | Math Problem Solving
Wechsler Individual Achievement Test-III,1,Wechsler Individual Achievement Test-III | Written Expression | Mathematics Composite | Numerical Operations
Wechsler Individual Achievement Test-III,1,Wechsler Individual Achievement Test-III | Written Expression | Math Fluency
Wechsler Individual Achievement Test-III,1,Wechsler Individual Achievement Test-III | Written Expression | Math Fluency | Addition
Wechsler Individual Achievement Test-III,1,Wechsler Individual Achievement Test-III | Written Expression | Math Fluency | Subtraction
Wechsler Individual Achievement Test-III,1,Wechsler Individual Achievement Test-III | Written Expression | Math Fluency | Multiplication
Wechsler Individual Achievement Test-III,1,Wechsler Individual Achievement Test-III | Written Expression | Oral Language Composites
Wechsler Individual Achievement Test-III,1,Wechsler Individual Achievement Test-III | Written Expression | Oral Language Composites | Listening Comprehension
Wechsler Individual Achievement Test-III,1,Wechsler Individual Achievement Test-III | Written Expression | Oral Language Composites | Listening Comprehension | (Receptive Vocabulary)
Wechsler Individual Achievement Test-III,1,Wechsler Individual Achievement Test-III | Written Expression | Oral Language Composites | Listening Comprehension | (Oral Discourse Comprehension)
Wechsler Individual Achievement Test-III,1,Wechsler Individual Achievement Test-III | Written Expression | Oral Language Composites | Oral Expression
Wechsler Individual Achievement Test-III,1,Wechsler Individual Achievement Test-III | Written Expression | Oral Language Composites | Oral Expression | (Sentence Repetition)
Wechsler Individual Achievement Test-III,1,Wechsler Individual Achievement Test-III | Written Expression | Oral Language Composites | Oral Expression | (Expressive Vocabulary)
Wechsler Individual Achievement Test-III,1,Wechsler Individual Achievement Test-III | Written Expression | Oral Language Composites | Oral Expression | (Oral Word Fluency)
VISUAL-SPATIAL,1,VISUAL-SPATIAL
Judgment of Line Orientation,1,Judgment of Line Orientation
Benton's Facial Recognition,1,Benton's Facial Recognition
Clock Drawing,1,Clock Drawing
Greek Cross,1,Greek Cross
Hooper Visual Organization,1,Hooper Visual Organization
Line Bisection,1,Line Bisection
Beery VMI (6th Edition),1,Beery VMI (6th Edition)
Beery VMI (6th Edition),1,Beery VMI (6th Edition) | Beery VMI
Beery VMI (6th Edition),1,Beery VMI (6th Edition) | Visual Perception
Beery VMI (6th Edition),1,Beery VMI (6th Edition) | Motor Coordination
Rey-O Copy,1,Rey-O Copy
Rey-O Copy +,1,Rey-O Copy +
WAIS-III: Block Design,1,WAIS-III: Block Design
NAB Spatial Module,1,NAB Spatial Module
NAB Spatial Module,1,NAB Spatial Module | Visual Discrimination
NAB Spatial Module,1,NAB Spatial Module | Design Construction
NAB Spatial Module,1,NAB Spatial Module | Figure Drawing
NAB Spatial Module,1,NAB Spatial Module | Figure Drawing | Copy
NAB Spatial Module,1,NAB Spatial Module | Figure Drawing | Immediate Recall
NAB Spatial Module,1,NAB Spatial Module | Figure Drawing | Percent Retention
NAB Spatial Module,1,NAB Spatial Module | Map Reading
NAB Spatial Module,1,NAB Spatial Module | Spatial Index (SPT)
ATTENTION & CONCENTRATION,1,ATTENTION & CONCENTRATION
WMS-III: Digit Span,1,WMS-III: Digit Span
WMS-III: Spatial Span,1,WMS-III: Spatial Span
Symbol Digit Modalities Test,1,Symbol Digit Modalities Test
Symbol Digit Modalities Test,1,Symbol Digit Modalities Test | Written
Symbol Digit Modalities Test,1,Symbol Digit Modalities Test | Oral Retest
Symbol Digit Modalities Test,1,Symbol Digit Modalities Test | Oral Only
Paced Auditory Serial Addition Test,1,Paced Auditory Serial Addition Test
Paced Auditory Serial Addition Test,1,"Paced Auditory Serial Addition Test | 3"" Rate"
Paced Auditory Serial Addition Test,1,"Paced Auditory Serial Addition Test | 2"" Rate"
Brief Test of Attention,1,Brief Test of Attention
Gordon Diagnostic System,1,Gordon Diagnostic System
Gordon Diagnostic System,1,Gordon Diagnostic System | Vigilance Task
Gordon Diagnostic System,1,Gordon Diagnostic System | Vigilance Task | Correct (Block 1+2)
Gordon Diagnostic System,1,Gordon Diagnostic System | Vigilance Task | Commissions (Block 1+2)
Gordon Diagnostic System,1,Gordon Diagnostic System | Distractibility Task
Gordon Diagnostic System,1,Gordon Diagnostic System | Distractibility Task | Correct (Block 1+2)
Gordon Diagnostic System,1,Gordon Diagnostic System | Distractibility Task | Commissions (Block 1+2)
Conner's CPT-II,1,Conner's CPT-II
Conner's CPT-II,1,Conner's CPT-II | ADHD Clinical Confidence Index
Conner's CPT-II,1,Conner's CPT-II | Neurological Clinical Confidence Index
Conner's CPT-II,1,Conner's CPT-II | Omissions
Conner's CPT-II,1,Conner's CPT-II | Commissions
Conner's CPT-II,1,Conner's CPT-II | Hit Reaction Time
Conner's CPT-II,1,Conner's CPT-II | Variability
Conner's CPT-3,1,Conner's CPT-3
Conner's CPT-3,1,Conner's CPT-3 | Detectability (d')
Conner's CPT-3,1,Conner's CPT-3 | Omissions
Conner's CPT-3,1,Conner's CPT-3 | Commissions
Conner's CPT-3,1,Conner's CPT-3 | Perseverations
Conner's CPT-3,1,Conner's CPT-3 | HRT
Conner's CPT-3,1,Conner's CPT-3 | HRT SD
Conner's CPT-3,1,Conner's CPT-3 | Variability
Conner's CPT-3,1,Conner's CPT-3 | HRT Block Change
Conner's CPT-3,1,Conner's CPT-3 | HRT ISI Change
Cancellation Tasks,1,Cancellation Tasks
Cancellation Tasks,1,Cancellation Tasks | Omissions
Cancellation Tasks,1,Cancellation Tasks | Commissions
Cancellation Tasks,1,Cancellation Tasks | Completion Time
NAB Attention Module,1,NAB Attention Module
NAB Attention Module,1,NAB Attention Module | Orientation
NAB Attention Module,1,NAB Attention Module | Digits Forward
NAB Attention Module,1,NAB Attention Module | Digits Backward
NAB Attention Module,1,NAB Attention Module | Dots
NAB Attention Module,1,NAB Attention Module | Numbers/Letters
NAB Attention Module,1,NAB Attention Module | Numbers/Letters | Part A – Speed
NAB Attention Module,1,NAB Attention Module | Numbers/Letters | Part A – Errors
NAB Attention Module,1,NAB Attention Module | Numbers/Letters | Part A – Efficiency
NAB Attention Module,1,NAB Attention Module | Numbers/Letters | Part B – Efficiency
NAB Attention Module,1,NAB Attention Module | Numbers/Letters | Part C – Efficiency
NAB Attention Module,1,NAB Attention Module | Numbers/Letters | Part D – Efficiency
NAB Attention Module,1,NAB Attention Module | Numbers/Letters | Part D – Disruption
NAB Attention Module,1,NAB Attention Module | Attention Index (ATT)
EXECUTIVE FUNCTIONING,1,EXECUTIVE FUNCTIONING
Letter Fluency,1,Letter Fluency
Letter Fluency,1,Letter Fluency | COWAT (CFL)
Letter Fluency,1,Letter Fluency | COWAT (CFL) +
Letter Fluency,1,Letter Fluency | FAS (Heaton)
Letter Fluency,1,Letter Fluency | FAS +
Category Fluency,1,Category Fluency
Category Fluency,1,Category Fluency | Animals
Category Fluency,1,Category Fluency | Animals +
Category Fluency,1,"Category Fluency | Animals , Fruits, Vegetables"
Category Fluency,1,"Category Fluency | Animals , Fruits, Vegetables +"
Trail Making Tests,1,Trail Making Tests
Trail Making Tests,1,Trail Making Tests | Trail Making Test: Part-A
Trail Making Tests,1,Trail Making Tests | Trail Making Test: Part-B
Trail Making Tests +,1,Trail Making Tests +
Trail Making Tests +,1,Trail Making Tests + | Trail Making Test: Part-A +
Trail Making Tests +,1,Trail Making Tests + | Trail Making Test: Part-B +
Trail Making Test: Part-A (Oral),1,Trail Making Test: Part-A (Oral)
Trail Making Test: Part-B (Oral),1,Trail Making Test: Part-B (Oral)
Wisconsin Card Sorting Test,1,Wisconsin Card Sorting Test
Wisconsin Card Sorting Test,1,Wisconsin Card Sorting Test | Categories Completed
Wisconsin Card Sorting Test,1,Wisconsin Card Sorting Test | Failures to Maintain Set
Wisconsin Card Sorting Test,1,Wisconsin Card Sorting Test | Total Errors
Wisconsin Card Sorting Test,1,Wisconsin Card Sorting Test | Perseverative Responses
DKEFS - Trail Making,1,DKEFS - Trail Making
DKEFS - Trail Making,1,DKEFS - Trail Making | Visual Scanning
DKEFS - Trail Making,1,DKEFS - Trail Making | Number Sequencing
DKEFS - Trail Making,1,DKEFS - Trail Making | Letter Sequencing
DKEFS - Trail Making,1,DKEFS - Trail Making | Number-Letter Switching
DKEFS - Trail Making,1,DKEFS - Trail Making | Total Errors
DKEFS - Trail Making,1,DKEFS - Trail Making | Motor Speed
DKEFS - Verbal Fluency,1,DKEFS - Verbal Fluency
DKEFS - Verbal Fluency,1,DKEFS - Verbal Fluency | Letter Fluency
DKEFS - Verbal Fluency,1,DKEFS - Verbal Fluency | Category Fluency
DKEFS - Verbal Fluency,1,DKEFS - Verbal Fluency | Switching Fluency
DKEFS - Verbal Fluency,1,DKEFS - Verbal Fluency | Switching Accuracy
DKEFS - Design Fluency,1,DKEFS - Design Fluency
DKEFS - Design Fluency,1,DKEFS - Design Fluency | Filled Dots
DKEFS - Design Fluency,1,DKEFS - Design Fluency | Empty Dots
DKEFS - Design Fluency,1,DKEFS - Design Fluency | Switching
DKEFS - Design Fluency,1,DKEFS - Design Fluency | Total Repetitions
DKEFS - C/W Interference,1,DKEFS - C/W Interference
DKEFS - C/W Interference,1,DKEFS - C/W Interference | Color Naming
DKEFS - C/W Interference,1,DKEFS - C/W Interference | Word Reading
DKEFS - C/W Interference,1,DKEFS - C/W Interference | Inhibition
DKEFS - C/W Interference,1,DKEFS - C/W Interference | Inhibition/Switching
DKEFS - C/W Interference,1,DKEFS - C/W Interference | Inhibition/Switching Errors
DKEFS - Sorting,1,DKEFS - Sorting
DKEFS - Sorting,1,DKEFS - Sorting | Confirmed Correct Sorts
DKEFS - Sorting,1,DKEFS - Sorting | Free Sorting Description
DKEFS - Sorting,1,DKEFS - Sorting | Repeated Sorts
DKEFS - Sorting,1,DKEFS - Sorting | Set-Loss Sorts
DKEFS - 20 Questions,1,DKEFS - 20 Questions
DKEFS - 20 Questions,1,DKEFS - 20 Questions | Initial Abstraction
DKEFS - 20 Questions,1,DKEFS - 20 Questions | Total Questions Asked
DKEFS - 20 Questions,1,DKEFS - 20 Questions | Weighted Achievement
DKEFS - 20 Questions,1,DKEFS - 20 Questions | Repeated Questions
DKEFS - 20 Questions,1,DKEFS - 20 Questions | Set-Loss Questions
DKEFS - Proverbs,1,DKEFS - Proverbs
DKEFS - Proverbs,1,DKEFS - Proverbs | Achievement: Free Inquiry
DKEFS - Proverbs,1,DKEFS - Proverbs | Accuracy Only Score
DKEFS - Proverbs,1,DKEFS - Proverbs | Abstraction Only Score
DKEFS - Tower,1,DKEFS - Tower
DKEFS - Tower,1,DKEFS - Tower | Achievement Score
DKEFS - Tower,1,DKEFS - Tower | Mean First Move Time
DKEFS - Tower,1,DKEFS - Tower | Time / Move Ratio
DKEFS - Tower,1,DKEFS - Tower | Move Accuracy Ratio
DKEFS - Tower,1,DKEFS - Tower | Rule-Violation / Item Ratio
DKEFS - Tower,1,DKEFS - Tower | Total Rule Violations
Short Category Test,1,Short Category Test
Tapping Set,1,Tapping Set
Motor Sequencing,1,Motor Sequencing
Frontal Systems Behavior Scale,1,Frontal Systems Behavior Scale
Frontal Systems Behavior Scale,1,Frontal Systems Behavior Scale | Self-Rating: Before
Frontal Systems Behavior Scale,1,Frontal Systems Behavior Scale | Self-Rating: Before | Apathy
Frontal Systems Behavior Scale,1,Frontal Systems Behavior Scale | Self-Rating: Before | Disinhibition
Frontal Systems Behavior Scale,1,Frontal Systems Behavior Scale | Self-Rating: Before | Exec. Dysfunction
Frontal Systems Behavior Scale,1,Frontal Systems Behavior Scale | Self-Rating: Before | Total Score
Frontal Systems Behavior Scale,1,Frontal Systems Behavior Scale | Self-Rating: After
Frontal Systems Behavior Scale,1,Frontal Systems Behavior Scale | Self-Rating: After | Apathy
Frontal Systems Behavior Scale,1,Frontal Systems Behavior Scale | Self-Rating: After | Disinhibition
Frontal Systems Behavior Scale,1,Frontal Systems Behavior Scale | Self-Rating: After | Exec. Dysfunction
Frontal Systems Behavior Scale,1,Frontal Systems Behavior Scale | Self-Rating: After | Total Score
Frontal Systems Behavior Scale,1,Frontal Systems Behavior Scale | Family Rating: Before
Frontal Systems Behavior Scale,1,Frontal Systems Behavior Scale | Family Rating: Before | Apathy
Frontal Systems Behavior Scale,1,Frontal Systems Behavior Scale | Family Rating: Before | Disinhibition
Frontal Systems Behavior Scale,1,Frontal Systems Behavior Scale | Family Rating: Before | Exec. Dysfunction
Frontal Systems Behavior Scale,1,Frontal Systems Behavior Scale | Family Rating: Before | Total Score
Frontal Systems Behavior Scale,1,Frontal Systems Behavior Scale | Family Rating: After
Frontal Systems Behavior Scale,1,Frontal Systems Behavior Scale | Family Rating: After | Apathy
Frontal Systems Behavior Scale,1,Frontal Systems Behavior Scale | Family Rating: After | Disinhibition
Frontal Systems Behavior Scale,1,Frontal Systems Behavior Scale | Family Rating: After | Exec. Dysfunction
Frontal Systems Behavior Scale,1,Frontal Systems Behavior Scale | Family Rating: After | Total Score
Stroop Color-Word Test,1,Stroop Color-Word Test
Stroop Color-Word Test,1,Stroop Color-Word Test | Word Score
Stroop Color-Word Test,1,Stroop Color-Word Test | Color Score
Stroop Color-Word Test,1,Stroop Color-Word Test | Color-Word Score
Stroop Color-Word Test,1,Stroop Color-Word Test | Interference Score
"Multiple Loops (PDE, PFE)",1,"Multiple Loops (PDE, PFE)"
"Recurrent Series (PDE,PFE)",1,"Recurrent Series (PDE,PFE)"
Picture Absurdities,1,Picture Absurdities
Booklet Category,1,Booklet Category
Booklet Category,1,Booklet Category | Errors
ILS,1,ILS
ILS,1,ILS | Memory/ Orientation
ILS,1,ILS | Managing Money
ILS,1,ILS | Managing Home and Transportation
ILS,1,ILS | Health and Safety
ILS,1,ILS | Social Adjustment
NAB Executive Module,1,NAB Executive Module
NAB Executive Module,1,NAB Executive Module | Mazes
NAB Executive Module,1,NAB Executive Module | Judgement
NAB Executive Module,1,NAB Executive Module | Catefories
NAB Executive Module,1,NAB Executive Module | Word Generation
NAB Executive Module,1,NAB Executive Module | Executive Functions Index (EXE)
SENSORY PERCEPTUAL EXAMINATION,1,SENSORY PERCEPTUAL EXAMINATION
Tactile Imperceptions (DSS),1,Tactile Imperceptions (DSS)
Auditory Imperceptions (DSS),1,Auditory Imperceptions (DSS)
Visual Imperceptions (DSS),1,Visual Imperceptions (DSS)
Visual Imperceptions (DSS),1,Visual Imperceptions (DSS) | Above Eye Level
Visual Imperceptions (DSS),1,Visual Imperceptions (DSS) | Eye Level
Visual Imperceptions (DSS),1,Visual Imperceptions (DSS) | Below Eye Level
Finger Gnosis,1,Finger Gnosis
Graphesthesia,1,Graphesthesia
Smell Identification Test,1,Smell Identification Test
PSYCHO-MOTOR,1,PSYCHO-MOTOR
Finger Speed,1,Finger Speed
Finger Speed,1,Finger Speed | Dominant Hand
Finger Speed,1,Finger Speed | Non-Dominant Hand
Grip Strength,1,Grip Strength
Grip Strength,1,Grip Strength | Dominant Hand
Grip Strength,1,Grip Strength | Non-Dominant Hand
Grooved Pegboard,1,Grooved Pegboard
Grooved Pegboard,1,Grooved Pegboard | Dominant Hand
Grooved Pegboard,1,Grooved Pegboard | Dominant Hand | Trial 2
Grooved Pegboard,1,Grooved Pegboard | Non-Dominant Hand
Grooved Pegboard,1,Grooved Pegboard | Non-Dominant Hand | Trial 2
9-Hole Pegboard,1,9-Hole Pegboard
9-Hole Pegboard,1,9-Hole Pegboard | Dominant Hand
9-Hole Pegboard,1,9-Hole Pegboard | Dominant Hand | Trial 2
9-Hole Pegboard,1,9-Hole Pegboard | Non-Dominant Hand
9-Hole Pegboard,1,9-Hole Pegboard | Non-Dominant Hand | Trial 2
MOOD & PERSONALITY,1,MOOD & PERSONALITY
Beck Depression Inventory-2,1,Beck Depression Inventory-2
Beck Anxiety Inventory,1,Beck Anxiety Inventory
Geriatric Depression Scale,1,Geriatric Depression Scale
ADFACS (Modified Scores),1,ADFACS (Modified Scores)
ADFACS (Modified Scores),1,ADFACS (Modified Scores) | Instrumental ADL's
ADFACS (Modified Scores),1,ADFACS (Modified Scores) | Basic ADL's
ADFACS (Modified Scores),1,ADFACS (Modified Scores) | Total Independence
GAD-7,1,GAD-7
PHQ-9,1,PHQ-9
State-Trait Anxiety Inventory,1,State-Trait Anxiety Inventory
State-Trait Anxiety Inventory,1,State-Trait Anxiety Inventory | State Anxiety
State-Trait Anxiety Inventory,1,State-Trait Anxiety Inventory | Trait Anxiety
ADHD Rating Scales-IV (Self),1,ADHD Rating Scales-IV (Self)
ADHD Rating Scales-IV (Self),1,ADHD Rating Scales-IV (Self) | Childhood Symptoms
ADHD Rating Scales-IV (Self),1,ADHD Rating Scales-IV (Self) | Childhood Symptoms | Inattention
ADHD Rating Scales-IV (Self),1,ADHD Rating Scales-IV (Self) | Childhood Symptoms | Hyperactivity-Impulsivity
ADHD Rating Scales-IV (Self),1,ADHD Rating Scales-IV (Self) | Childhood Symptoms | Total ADHD
ADHD Rating Scales-IV (Self),1,ADHD Rating Scales-IV (Self) | Current Symptoms
ADHD Rating Scales-IV (Self),1,ADHD Rating Scales-IV (Self) | Current Symptoms | Inattention
ADHD Rating Scales-IV (Self),1,ADHD Rating Scales-IV (Self) | Current Symptoms | Hyperactivity-Impulsivity
ADHD Rating Scales-IV (Self),1,ADHD Rating Scales-IV (Self) | Current Symptoms | Total ADHD
ADHD Rating Scales-IV (Parent),1,ADHD Rating Scales-IV (Parent)
ADHD Rating Scales-IV (Parent),1,ADHD Rating Scales-IV (Parent) | Childhood Symptoms
ADHD Rating Scales-IV (Parent),1,ADHD Rating Scales-IV (Parent) | Childhood Symptoms | Inattention
ADHD Rating Scales-IV (Parent),1,ADHD Rating Scales-IV (Parent) | Childhood Symptoms | Hyperactivity-Impulsivity
ADHD Rating Scales-IV (Parent),1,ADHD Rating Scales-IV (Parent) | Childhood Symptoms | Total ADHD
ADHD Rating Scales-IV (Parent),1,ADHD Rating Scales-IV (Parent) | Current Symptoms
ADHD Rating Scales-IV (Parent),1,ADHD Rating Scales-IV (Parent) | Current Symptoms | Inattention
ADHD Rating Scales-IV (Parent),1,ADHD Rating Scales-IV (Parent) | Current Symptoms | Hyperactivity-Impulsivity
ADHD Rating Scales-IV (Parent),1,ADHD Rating Scales-IV (Parent) | Current Symptoms | Total ADHD
Clinical Assessment of ADHD (Self),1,Clinical Assessment of ADHD (Self)
Clinical Assessment of ADHD (Self),1,Clinical Assessment of ADHD (Self) | Negative Impression (NI)
Clinical Assessment of ADHD (Self),1,Clinical Assessment of ADHD (Self) | Infrequency (IF)
Clinical Assessment of ADHD (Self),1,Clinical Assessment of ADHD (Self) | Positive Impression (PI)
Clinical Assessment of ADHD (Self),1,Clinical Assessment of ADHD (Self) | Childhood Symptoms
Clinical Assessment of ADHD (Self),1,Clinical Assessment of ADHD (Self) | Inattention (ATT)
Clinical Assessment of ADHD (Self),1,Clinical Assessment of ADHD (Self) | Impulsivity (IMP)
Clinical Assessment of ADHD (Self),1,Clinical Assessment of ADHD (Self) | Hyperactivity (HYP)
Clinical Assessment of ADHD (Self),1,Clinical Assessment of ADHD (Self) | Personal (PER)
Clinical Assessment of ADHD (Self),1,Clinical Assessment of ADHD (Self) | Academic/Occupational (A/O)
Clinical Assessment of ADHD (Self),1,Clinical Assessment of ADHD (Self) | Social (SOC)
Clinical Assessment of ADHD (Self),1,Clinical Assessment of ADHD (Self) | Clinical Index - Childhood
Clinical Assessment of ADHD (Self),1,Clinical Assessment of ADHD (Self) | Current Symptoms
Clinical Assessment of ADHD (Self),1,Clinical Assessment of ADHD (Self) | Inattention (ATT)
Clinical Assessment of ADHD (Self),1,Clinical Assessment of ADHD (Self) | Impulsivity (IMP)
Clinical Assessment of ADHD (Self),1,Clinical Assessment of ADHD (Self) | Hyperactivity (HYP)
Clinical Assessment of ADHD (Self),1,Clinical Assessment of ADHD (Self) | Personal (PER)
Clinical Assessment of ADHD (Self),1,Clinical Assessment of ADHD (Self) | Academic/Occupational (A/O)
Clinical Assessment of ADHD (Self),1,Clinical Assessment of ADHD (Self) | Social (SOC)
Clinical Assessment of ADHD (Self),1,Clinical Assessment of ADHD (Self) | Clinical Index - Current
Clinical Assessment of ADHD (Self),1,Clinical Assessment of ADHD (Self) | Total Clinical Index (CAT-A CI)
Clinical Assessment of ADHD (Other),1,Clinical Assessment of ADHD (Other)
Clinical Assessment of ADHD (Other),1,Clinical Assessment of ADHD (Other) | Negative Impression (NI)
Clinical Assessment of ADHD (Other),1,Clinical Assessment of ADHD (Other) | Infrequency (IF)
Clinical Assessment of ADHD (Other),1,Clinical Assessment of ADHD (Other) | Positive Impression (PI)
Clinical Assessment of ADHD (Other),1,Clinical Assessment of ADHD (Other) | Childhood Symptoms
Clinical Assessment of ADHD (Other),1,Clinical Assessment of ADHD (Other) | Inattention (ATT)
Clinical Assessment of ADHD (Other),1,Clinical Assessment of ADHD (Other) | Impulsivity (IMP)
Clinical Assessment of ADHD (Other),1,Clinical Assessment of ADHD (Other) | Hyperactivity (HYP)
Clinical Assessment of ADHD (Other),1,Clinical Assessment of ADHD (Other) | Personal (PER)
Clinical Assessment of ADHD (Other),1,Clinical Assessment of ADHD (Other) | Academic/Occupational (A/O)
Clinical Assessment of ADHD (Other),1,Clinical Assessment of ADHD (Other) | Social (SOC)
Clinical Assessment of ADHD (Other),1,Clinical Assessment of ADHD (Other) | Clinical Index - Childhood
Clinical Assessment of ADHD (Other),1,Clinical Assessment of ADHD (Other) | Current Symptoms
Clinical Assessment of ADHD (Other),1,Clinical Assessment of ADHD (Other) | Inattention (ATT)
Clinical Assessment of ADHD (Other),1,Clinical Assessment of ADHD (Other) | Impulsivity (IMP)
Clinical Assessment of ADHD (Other),1,Clinical Assessment of ADHD (Other) | Hyperactivity (HYP)
Clinical Assessment of ADHD (Other),1,Clinical Assessment of ADHD (Other) | Personal (PER)
Clinical Assessment of ADHD (Other),1,Clinical Assessment of ADHD (Other) | Academic/Occupational (A/O)
Clinical Assessment of ADHD (Other),1,Clinical Assessment of ADHD (Other) | Social (SOC)
Clinical Assessment of ADHD (Other),1,Clinical Assessment of ADHD (Other) | Clinical Index - Current
Clinical Assessment of ADHD (Other),1,Clinical Assessment of ADHD (Other) | Total Clinical Index (CAT-A CI)
ASEBA - Adult Self Report,1,ASEBA - Adult Self Report
ASEBA - Adult Self Report,1,ASEBA - Adult Self Report | Anxious / Depressed
ASEBA - Adult Self Report,1,ASEBA - Adult Self Report | Withdrawn
ASEBA - Adult Self Report,1,ASEBA - Adult Self Report | Somatic Complaints
ASEBA - Adult Self Report,1,ASEBA - Adult Self Report | Thought Problems
ASEBA - Adult Self Report,1,ASEBA - Adult Self Report | Attention Problems
ASEBA - Adult Self Report,1,ASEBA - Adult Self Report | Aggressive Behavior
ASEBA - Adult Self Report,1,ASEBA - Adult Self Report | Rule-Breaking Behavior
ASEBA - Adult Self Report,1,ASEBA - Adult Self Report | Intrusive
ASEBA - Adult Self Report,1,ASEBA - Adult Self Report | Depressive Problems
ASEBA - Adult Self Report,1,ASEBA - Adult Self Report | Anxiety Problems
ASEBA - Adult Self Report,1,ASEBA - Adult Self Report | Somatic Problems
ASEBA - Adult Self Report,1,ASEBA - Adult Self Report | Avoidant Personality Problems
ASEBA - Adult Self Report,1,ASEBA - Adult Self Report | AD/H Problems
ASEBA - Adult Self Report,1,ASEBA - Adult Self Report | AD/H Problems | Inattention
ASEBA - Adult Self Report,1,ASEBA - Adult Self Report | AD/H Problems | Hyper-Impulsivity
ASEBA - Adult Self Report,1,ASEBA - Adult Self Report | Antisocial Personality Problems
ASEBA - Adult Self Report,1,ASEBA - Adult Self Report | Antisocial Personality Problems | ASEBA: YSR
ASEBA - Adult Self Report,1,ASEBA - Adult Self Report | Anxious / Depressed
ASEBA - Adult Self Report,1,ASEBA - Adult Self Report | Withdrawn
ASEBA - Adult Self Report,1,ASEBA - Adult Self Report | Somatic Complaints
ASEBA - Adult Self Report,1,ASEBA - Adult Self Report | Social Problems
ASEBA - Adult Self Report,1,ASEBA - Adult Self Report | Thought Problems
ASEBA - Adult Self Report,1,ASEBA - Adult Self Report | Attention Problems
ASEBA - Adult Self Report,1,ASEBA - Adult Self Report | Rule-Breaking Behavior
ASEBA - Adult Self Report,1,ASEBA - Adult Self Report | Aggressive Behavior
ASEBA - Adult Self Report,1,ASEBA - Adult Self Report | Affective Problems
ASEBA - Adult Self Report,1,ASEBA - Adult Self Report | Anxiety Problems
ASEBA - Adult Self Report,1,ASEBA - Adult Self Report | Somatic Problems
ASEBA - Adult Self Report,1,ASEBA - Adult Self Report | AD/H Problems
ASEBA - Adult Self Report,1,ASEBA - Adult Self Report | Oppositional Defiant Problems
ASEBA - Adult Self Report,1,ASEBA - Adult Self Report | Conduct Problems
ASEBA - Adult Behavior Checklist,1,ASEBA - Adult Behavior Checklist
ASEBA - Adult Behavior Checklist,1,ASEBA - Adult Behavior Checklist | Anxious / Depressed
ASEBA - Adult Behavior Checklist,1,ASEBA - Adult Behavior Checklist | Withdrawn
ASEBA - Adult Behavior Checklist,1,ASEBA - Adult Behavior Checklist | Somatic Complaints
ASEBA - Adult Behavior Checklist,1,ASEBA - Adult Behavior Checklist | Thought Problems
ASEBA - Adult Behavior Checklist,1,ASEBA - Adult Behavior Checklist | Attention Problems
ASEBA - Adult Behavior Checklist,1,ASEBA - Adult Behavior Checklist | Aggressive Behavior
ASEBA - Adult Behavior Checklist,1,ASEBA - Adult Behavior Checklist | Rule-Breaking Behavior
ASEBA - Adult Behavior Checklist,1,ASEBA - Adult Behavior Checklist | Intrusive
ASEBA - Adult Behavior Checklist,1,ASEBA - Adult Behavior Checklist | Depressive Problems
ASEBA - Adult Behavior Checklist,1,ASEBA - Adult Behavior Checklist | Anxiety Problems
ASEBA - Adult Behavior Checklist,1,ASEBA - Adult Behavior Checklist | Somatic Problems
ASEBA - Adult Behavior Checklist,1,ASEBA - Adult Behavior Checklist | Avoidant Personality Problems
ASEBA - Adult Behavior Checklist,1,ASEBA - Adult Behavior Checklist | AD/H Problems
ASEBA - Adult Behavior Checklist,1,ASEBA - Adult Behavior Checklist | AD/H Problems | Inattention
ASEBA - Adult Behavior Checklist,1,ASEBA - Adult Behavior Checklist | AD/H Problems | Hyper-Impulsivity
ASEBA - Adult Behavior Checklist,1,ASEBA - Adult Behavior Checklist | Antisocial Personality Problems
ASEBA - Adult Behavior Checklist,1,ASEBA - Adult Behavior Checklist | Antisocial Personality Problems | ASEBA: CBCL
ASEBA - Adult Behavior Checklist,1,ASEBA - Adult Behavior Checklist | Anxious / Depressed
ASEBA - Adult Behavior Checklist,1,ASEBA - Adult Behavior Checklist | Withdrawn
ASEBA - Adult Behavior Checklist,1,ASEBA - Adult Behavior Checklist | Somatic Complaints
ASEBA - Adult Behavior Checklist,1,ASEBA - Adult Behavior Checklist | Social Problems
ASEBA - Adult Behavior Checklist,1,ASEBA - Adult Behavior Checklist | Thought Problems
ASEBA - Adult Behavior Checklist,1,ASEBA - Adult Behavior Checklist | Attention Problems
ASEBA - Adult Behavior Checklist,1,ASEBA - Adult Behavior Checklist | Rule-Breaking Behavior
ASEBA - Adult Behavior Checklist,1,ASEBA - Adult Behavior Checklist | Aggressive Behavior
ASEBA - Adult Behavior Checklist,1,ASEBA - Adult Behavior Checklist | Affective Problems
ASEBA - Adult Behavior Checklist,1,ASEBA - Adult Behavior Checklist | Anxiety Problems
ASEBA - Adult Behavior Checklist,1,ASEBA - Adult Behavior Checklist | Somatic Problems
ASEBA - Adult Behavior Checklist,1,ASEBA - Adult Behavior Checklist | AD/H Problems
ASEBA - Adult Behavior Checklist,1,ASEBA - Adult Behavior Checklist | Oppositional Defiant Problems
ASEBA - Adult Behavior Checklist,1,ASEBA - Adult Behavior Checklist | Conduct Problems
QoLiE-31,1,QoLiE-31
QoLiE-31,1,QoLiE-31 | Seizure Worry
QoLiE-31,1,QoLiE-31 | Overall Quality of Life
QoLiE-31,1,QoLiE-31 | Emotional Well-being
QoLiE-31,1,QoLiE-31 | Energy / Fatigue
QoLiE-31,1,QoLiE-31 | Cognitive Functioning
QoLiE-31,1,QoLiE-31 | Medication Effects
QoLiE-31,1,QoLiE-31 | Social Functioning
QoLiE-31,1,QoLiE-31 | Overall Score
ABAS-II,1,ABAS-II
ABAS-II,1,ABAS-II | General Adaptive Composite
ABAS-II,1,ABAS-II | Conceptual Composite
ABAS-II,1,ABAS-II | Conceptual Composite | Communication
ABAS-II,1,ABAS-II | Conceptual Composite | Functional Academics
ABAS-II,1,ABAS-II | Conceptual Composite | Self-Direction
ABAS-II,1,ABAS-II | Social Composite
ABAS-II,1,ABAS-II | Social Composite | Leisure
ABAS-II,1,ABAS-II | Social Composite | Social
ABAS-II,1,ABAS-II | Practical Composite
ABAS-II,1,ABAS-II | Practical Composite | Community Use
ABAS-II,1,ABAS-II | Practical Composite | Home Living
ABAS-II,1,ABAS-II | Practical Composite | Health & Safety
ABAS-II,1,ABAS-II | Practical Composite | Self-Care
ABAS-3,1,ABAS-3
ABAS-3,1,ABAS-3 | General Adaptive Composite
ABAS-3,1,ABAS-3 | Conceptual Composite
ABAS-3,1,ABAS-3 | Conceptual Composite | Communication
ABAS-3,1,ABAS-3 | Conceptual Composite | Functional Academics
ABAS-3,1,ABAS-3 | Conceptual Composite | Self-Direction
ABAS-3,1,ABAS-3 | Social Composite
ABAS-3,1,ABAS-3 | Social Composite | Leisure
ABAS-3,1,ABAS-3 | Social Composite | Social
ABAS-3,1,ABAS-3 | Practical Composite
ABAS-3,1,ABAS-3 | Practical Composite | Community Use
ABAS-3,1,ABAS-3 | Practical Composite | Home Living
ABAS-3,1,ABAS-3 | Practical Composite | Health & Safety
ABAS-3,1,ABAS-3 | Practical Composite | Self-Care
ABAS-3,1,ABAS-3 | Practical Composite | Practical
ABAS-3,1,ABAS-3 | Practical Composite | Work
FACT-Br,1,FACT-Br
FACT-Br,1,FACT-Br | Physical Well-being
FACT-Br,1,FACT-Br | Social/Family Well-being
FACT-Br,1,FACT-Br | Relationship with MD
FACT-Br,1,FACT-Br | Emotional Well-being
FACT-Br,1,FACT-Br | Functional Well-being
FACT-Br,1,FACT-Br | Brain Specific Concerns
FACT-Br,1,FACT-Br | Total Fact-G
FACT-Br,1,FACT-Br | Fatigue (raw/ 52)
MAQ,1,MAQ
MAQ,1,MAQ | Physiological Panic
MAQ,1,MAQ | Social Phobia
MAQ,1,MAQ | Worry / Fears
MAQ,1,MAQ | Negative Affectivity
MAQ,1,MAQ | Total MAQ
PDQ-39,1,PDQ-39
PDQ-39,1,PDQ-39 | Mobility
PDQ-39,1,PDQ-39 | ADL
PDQ-39,1,PDQ-39 | Emotional
PDQ-39,1,PDQ-39 | Stigma
PDQ-39,1,PDQ-39 | Social
PDQ-39,1,PDQ-39 | Cognition
PDQ-39,1,PDQ-39 | Communication
PDQ-39,1,PDQ-39 | Body Discomfort
Personality Assessment Inventory,1,Personality Assessment Inventory
Personality Assessment Inventory,1,Personality Assessment Inventory | Inconsistency (ICN)
Personality Assessment Inventory,1,Personality Assessment Inventory | Infrequency (INF)
Personality Assessment Inventory,1,Personality Assessment Inventory | Negative Impression (NIM)
Personality Assessment Inventory,1,Personality Assessment Inventory | Positive Impression (PIM)
Personality Assessment Inventory,1,Personality Assessment Inventory | Somatic Complaints (SOM)
Personality Assessment Inventory,1,Personality Assessment Inventory | Anxiety (ANX)
Personality Assessment Inventory,1,Personality Assessment Inventory | Anxiety-Related Disorders (ARD)
Personality Assessment Inventory,1,Personality Assessment Inventory | Depression (DEP)
Personality Assessment Inventory,1,Personality Assessment Inventory | Mania (MAN)
Personality Assessment Inventory,1,Personality Assessment Inventory | Paranoia (PAR)
Personality Assessment Inventory,1,Personality Assessment Inventory | Schizophrenia (SCZ)
Personality Assessment Inventory,1,Personality Assessment Inventory | Borderline Features (BOR)
Personality Assessment Inventory,1,Personality Assessment Inventory | Antisocial Features (ANT)
Personality Assessment Inventory,1,Personality Assessment Inventory | Alcohol Problems (ALC)
Personality Assessment Inventory,1,Personality Assessment Inventory | Drug Problems (DRG)
Personality Assessment Inventory,1,Personality Assessment Inventory | Aggression (AGG)
Personality Assessment Inventory,1,Personality Assessment Inventory | Suicidal Ideation (SUI)
Personality Assessment Inventory,1,Personality Assessment Inventory | Stress (STR)
Personality Assessment Inventory,1,Personality Assessment Inventory | Nonsupport (NON)
Personality Assessment Inventory,1,Personality Assessment Inventory | Treatment Rejection (RXR)
Personality Assessment Inventory,1,Personality Assessment Inventory | Dominance (DOM)
Personality Assessment Inventory,1,Personality Assessment Inventory | Warmth (WRM)
Traumatic Symptom Inventory,1,Traumatic Symptom Inventory
Traumatic Symptom Inventory,1,Traumatic Symptom Inventory | Atypical Response (ATR)
Traumatic Symptom Inventory,1,Traumatic Symptom Inventory | Response Level (RL)
Traumatic Symptom Inventory,1,Traumatic Symptom Inventory | Inconsistent Response (INC)
Traumatic Symptom Inventory,1,Traumatic Symptom Inventory | Anxious Arousal (AA)
Traumatic Symptom Inventory,1,Traumatic Symptom Inventory | Depression (DEP)
Traumatic Symptom Inventory,1,Traumatic Symptom Inventory | Anger-Irritability (AI)
Traumatic Symptom Inventory,1,Traumatic Symptom Inventory | Intrusive Experiences (IE)
Traumatic Symptom Inventory,1,Traumatic Symptom Inventory | Defensive Avoidance (DA)
Traumatic Symptom Inventory,1,Traumatic Symptom Inventory | Dissociation (DIS)
Traumatic Symptom Inventory,1,Traumatic Symptom Inventory | Sexual Concerns (SC)
Traumatic Symptom Inventory,1,Traumatic Symptom Inventory | Dysfxn Sexual Behavior (DSB)
Traumatic Symptom Inventory,1,Traumatic Symptom Inventory | Impaired Self-reference (ISR)
Traumatic Symptom Inventory,1,Traumatic Symptom Inventory | Tension Reduction Behavior (TRB)
MMPI-Rf,1,MMPI-Rf
MMPI-Rf,1,MMPI-Rf | VRIN-r: Variable Inconsistency
MMPI-Rf,1,MMPI-Rf | TRIN-r: True Inconsistency
MMPI-Rf,1,MMPI-Rf | F-r: Infrequent Responses
MMPI-Rf,1,MMPI-Rf | Fp-r: Infrequent (Path.)
MMPI-Rf,1,MMPI-Rf | Fs: Infrequent Somatic
MMPI-Rf,1,MMPI-Rf | FBS-r: Symptom Validity
MMPI-Rf,1,MMPI-Rf | RBS: Response Bias
MMPI-Rf,1,MMPI-Rf | L-r: Uncommon Virtues
MMPI-Rf,1,MMPI-Rf | K-r: Adjustment Validity
MMPI-Rf,1,MMPI-Rf | EID: Emotional/Internalizing Dysfxn
MMPI-Rf,1,MMPI-Rf | THD: Thought Dysfunction
MMPI-Rf,1,MMPI-Rf | BDX: Behavioral/Externalizing Dysfxn
MMPI-Rf,1,MMPI-Rf | RCd: Demoralization
MMPI-Rf,1,MMPI-Rf | RC1: Somatic Complaints
MMPI-Rf,1,MMPI-Rf | RC2: Low Positive Emotions
MMPI-Rf,1,MMPI-Rf | RC3: Cynicism
MMPI-Rf,1,MMPI-Rf | RC4: Antisocial Behavior
MMPI-Rf,1,MMPI-Rf | RC6: Ideas of Persecution
MMPI-Rf,1,MMPI-Rf | RC7: Dysfxn Negative Emotions
MMPI-Rf,1,MMPI-Rf | RC8: Aberrant Experiences
MMPI-Rf,1,MMPI-Rf | RC9: Hypomanic Activation
MMPI-2 (K-Corrected),1,MMPI-2 (K-Corrected)
MMPI-2 (K-Corrected),1,MMPI-2 (K-Corrected) | VRIN
MMPI-2 (K-Corrected),1,MMPI-2 (K-Corrected) | TRIN
MMPI-2 (K-Corrected),1,MMPI-2 (K-Corrected) | F
MMPI-2 (K-Corrected),1,MMPI-2 (K-Corrected) | Fb
MMPI-2 (K-Corrected),1,MMPI-2 (K-Corrected) | Fp
MMPI-2 (K-Corrected),1,MMPI-2 (K-Corrected) | L
MMPI-2 (K-Corrected),1,MMPI-2 (K-Corrected) | K
MMPI-2 (K-Corrected),1,MMPI-2 (K-Corrected) | S
MMPI-2 (K-Corrected),1,MMPI-2 (K-Corrected) | 1 - Hs
MMPI-2 (K-Corrected),1,MMPI-2 (K-Corrected) | 2 - D
MMPI-2 (K-Corrected),1,MMPI-2 (K-Corrected) | 3 - Hy
MMPI-2 (K-Corrected),1,MMPI-2 (K-Corrected) | 4 - Pd
MMPI-2 (K-Corrected),1,MMPI-2 (K-Corrected) | 5 - Mf
MMPI-2 (K-Corrected),1,MMPI-2 (K-Corrected) | 6 - Pa
MMPI-2 (K-Corrected),1,MMPI-2 (K-Corrected) | 7 - Pt
MMPI-2 (K-Corrected),1,MMPI-2 (K-Corrected) | 8 - Sc
MMPI-2 (K-Corrected),1,MMPI-2 (K-Corrected) | 9 - Ma
MMPI-2 (K-Corrected),1,MMPI-2 (K-Corrected) | 0 - Si
QUEST,1,QUEST
QUEST,1,QUEST | Total Score
QUEST,1,QUEST | Communication
QUEST,1,QUEST | Work & Finances
QUEST,1,QUEST | Hobbies
QUEST,1,QUEST | Physical
QUEST,1,QUEST | Psychosocial
SIMS,1,SIMS
SIMS,1,SIMS | Psychosis
SIMS,1,SIMS | Neurologic Impairment
SIMS,1,SIMS | Amnestic Disorders
SIMS,1,SIMS | Low Intelligence
SIMS,1,SIMS | Affective Disorders
SIMS,1,SIMS | Total Score
PTSD Checklist,1,PTSD Checklist
Brief Symptom Inventory 18,1,Brief Symptom Inventory 18
Brief Symptom Inventory 18,1,Brief Symptom Inventory 18 | Somatization
Brief Symptom Inventory 18,1,Brief Symptom Inventory 18 | Depression
Brief Symptom Inventory 18,1,Brief Symptom Inventory 18 | Anxiety
Brief Symptom Inventory 18,1,Brief Symptom Inventory 18 | GSI
SRS-2 (Self),1,SRS-2 (Self)
SRS-2 (Self),1,SRS-2 (Self) | Awr
SRS-2 (Self),1,SRS-2 (Self) | Cog
SRS-2 (Self),1,SRS-2 (Self) | Com
SRS-2 (Self),1,SRS-2 (Self) | Mot
RRB (DSM-5),1,RRB (DSM-5)
SCI (DSM-5),1,SCI (DSM-5)
SCI (DSM-5),1,SCI (DSM-5) | SRS Total
SRS-2 (Other),1,SRS-2 (Other)
SRS-2 (Other),1,SRS-2 (Other) | Awr
SRS-2 (Other),1,SRS-2 (Other) | Cog
SRS-2 (Other),1,SRS-2 (Other) | Com
SRS-2 (Other),1,SRS-2 (Other) | Mot
RRB (DSM-5),2,RRB (DSM-5)
SCI (DSM-5),2,SCI (DSM-5)
SCI (DSM-5),2,SCI (DSM-5) | SRS Total
RAND-36 Health Inventory,1,RAND-36 Health Inventory
RAND-36 Health Inventory,1,RAND-36 Health Inventory | Physical Functioning
RAND-36 Health Inventory,1,RAND-36 Health Inventory | Role Limitations (physical)
RAND-36 Health Inventory,1,RAND-36 Health Inventory | Role Limitations (emotional)
RAND-36 Health Inventory,1,RAND-36 Health Inventory | Energy/Fatigue
RAND-36 Health Inventory,1,RAND-36 Health Inventory | Emotional Well-being
RAND-36 Health Inventory,1,RAND-36 Health Inventory | Social Functioning
RAND-36 Health Inventory,1,RAND-36 Health Inventory | Pain
RAND-36 Health Inventory,1,RAND-36 Health Inventory | General Health
Wechsler Test of Adult Reading,1,Wechsler Test of Adult Reading
Wechsler Test of Adult Reading,1,Wechsler Test of Adult Reading | Demographics Predicted Ss
Wechsler Test of Adult Reading,1,Wechsler Test of Adult Reading | WAIS-III Predicted FSIQ
Wide Range Achievement Tests-4,1,Wide Range Achievement Tests-4 | Math
Wide Range Achievement Tests-3,1,Wide Range Achievement Tests-3
Wide Range Achievement Tests-3,1,Wide Range Achievement Tests-3 | Word Reading
Wide Range Achievement Tests-3,1,Wide Range Achievement Tests-3 | Spelling
Wide Range Achievement Tests-3,1,Wide Range Achievement Tests-3 | Math
Wide Range Achievement Tests-R,1,Wide Range Achievement Tests-R
Wide Range Achievement Tests-R,1,Wide Range Achievement Tests-R | Word Reading
Wide Range Achievement Tests-R,1,Wide Range Achievement Tests-R | Spelling
Wide Range Achievement Tests-R,1,Wide Range Achievement Tests-R | Math
Information & Orientation,1,Information & Orientation
Mattis Dementia Rating Scale-2,1,Mattis Dementia Rating Scale-2 | Construction
Mattis Dementia Rating Scale-2,1,Mattis Dementia Rating Scale-2 | Concept
EFFORT  /  MOTIVATION,1,EFFORT  /  MOTIVATION
CVLT-II: Forced Choice,1,CVLT-II: Forced Choice
Reliable Digits,1,Reliable Digits
Reliable Digits,1,Reliable Digits | Longest Digit Span Forward
Reliable Digits,1,Reliable Digits | Longest Digit Span Backward
Reliable Digits,1,Reliable Digits | Discrepancy (DSF - DSB)
Rey-15 Item Test,1,Rey-15 Item Test
Rey-15 Item Test,1,Rey-15 Item Test | Immediate Recall
Rey-15 Item Test,1,Rey-15 Item Test | Recognition
WAIS-IV,1,WAIS-IV
WAIS-IV,1,WAIS-IV | Full Scale IQ
WAIS-IV,1,WAIS-IV | Verbal Comprehension Index
WAIS-IV,1,WAIS-IV | Verbal Comprehension Index | Similarities
WAIS-IV,1,WAIS-IV | Verbal Comprehension Index | Vocabulary
WAIS-IV,1,WAIS-IV | Verbal Comprehension Index | Information
WAIS-IV,1,WAIS-IV | Verbal Comprehension Index | Comprehension
WAIS-IV,1,WAIS-IV | Perceptual Reasoning Index
WAIS-IV,1,WAIS-IV | Perceptual Reasoning Index | Block Design
WAIS-IV,1,WAIS-IV | Perceptual Reasoning Index | Matrix Reasoning
WAIS-IV,1,WAIS-IV | Perceptual Reasoning Index | Visual Puzzles
WAIS-IV,1,WAIS-IV | Perceptual Reasoning Index | Picture Completion
WAIS-IV,1,WAIS-IV | Perceptual Reasoning Index | Figure Weights
WAIS-IV,1,WAIS-IV | Working Memory Index
WAIS-IV,1,WAIS-IV | Working Memory Index | Digit Span
WAIS-IV,1,WAIS-IV | Working Memory Index | Digit Span | Forward
WAIS-IV,1,WAIS-IV | Working Memory Index | Digit Span | Backward
WAIS-IV,1,WAIS-IV | Working Memory Index | Digit Span | Sequencing
WAIS-IV,1,WAIS-IV | Working Memory Index | Arithmetic
WAIS-IV,1,WAIS-IV | Working Memory Index | L-N Sequencing
WAIS-IV,1,WAIS-IV | Processing Speed Index
WAIS-IV,1,WAIS-IV | Processing Speed Index | Symbol Search
WAIS-IV,1,WAIS-IV | Processing Speed Index | Coding
WAIS-IV,1,WAIS-IV | Processing Speed Index | Cancellation
WAIS-III,1,WAIS-III
WAIS-III,1,WAIS-III | Verbal IQ
WAIS-III,1,WAIS-III | Performance IQ
WAIS-III,1,WAIS-III | Full Scale IQ
WAIS-III,1,WAIS-III | Verbal Comprehension Index
WAIS-III,1,WAIS-III | Verbal Comprehension Index | Vocabulary
WAIS-III,1,WAIS-III | Verbal Comprehension Index | Similarities
WAIS-III,1,WAIS-III | Verbal Comprehension Index | Information
WAIS-III,1,WAIS-III | Verbal Comprehension Index | Comprehension
WAIS-III,1,WAIS-III | Perceptual Organization Index
WAIS-III,1,WAIS-III | Perceptual Organization Index | Picture Completion
WAIS-III,1,WAIS-III | Perceptual Organization Index | Block Design
WAIS-III,1,WAIS-III | Perceptual Organization Index | Matrix Reasoning
WAIS-III,1,WAIS-III | Perceptual Organization Index | Picture Arrangement
WAIS-III,1,WAIS-III | Working Memory Index
WAIS-III,1,WAIS-III | Working Memory Index | Arithmetic
WAIS-III,1,WAIS-III | Working Memory Index | Digit Span
WAIS-III,1,WAIS-III | Working Memory Index | Digit Span | Forward
WAIS-III,1,WAIS-III | Working Memory Index | Digit Span | Backward
WAIS-III,1,WAIS-III | Working Memory Index | L-N Sequencing
WAIS-III,1,WAIS-III | Processing Speed Index
WAIS-III,1,WAIS-III | Processing Speed Index | Digit Symbol-Coding
WAIS-III,1,WAIS-III | Processing Speed Index | Symbol Search
WAIS-R,1,WAIS-R
WAIS-R,1,WAIS-R | Block Design
WAIS-R,1,WAIS-R | Digit Span
WAIS-R,1,WAIS-R | Picture Completion
MEMORY  /  LEARNING,1,MEMORY  /  LEARNING
Wechsler Memory Scale-IV,1,Wechsler Memory Scale-IV | Auditory Memory Index | VPA % Retention
Wechsler Memory Scale-III,1,Wechsler Memory Scale-III | Immediate Memory Index | Auditory Immediate
Wechsler Memory Scale-III,1,Wechsler Memory Scale-III | Immediate Memory Index | Visual Immediate
Wechsler Memory Scale-III,1,Wechsler Memory Scale-III | General Memory Index | Auditory Delayed
Wechsler Memory Scale-III,1,Wechsler Memory Scale-III | General Memory Index | Visual Delayed
Wechsler Memory Scale-III,1,Wechsler Memory Scale-III | General Memory Index | Auditory Recognition
Wechsler Memory Scale-III,1,Wechsler Memory Scale-III | Auditory Memory | LM Recognition
Wechsler Memory Scale-III,1,Wechsler Memory Scale-III | Visual Memory | VR Recognition
Wechsler Memory Scale-III,1,Wechsler Memory Scale-III | Visual Memory | VR Copy
Wechsler Memory Scale-III,1,Wechsler Memory Scale-III | Visual Memory | FP Recognition
Wechsler Memory Scale-R,1,Wechsler Memory Scale-R
Wechsler Memory Scale-R,1,Wechsler Memory Scale-R | Auditory Memory
Wechsler Memory Scale-R,1,Wechsler Memory Scale-R | Auditory Memory | Logical Memory I
Wechsler Memory Scale-R,1,Wechsler Memory Scale-R | Auditory Memory | Logical Memory II
Wechsler Memory Scale-R,1,Wechsler Memory Scale-R | Auditory Memory | Verbal Paired Associates I
Wechsler Memory Scale-R,1,Wechsler Memory Scale-R | Auditory Memory | Verbal Paired Associates II
Wechsler Memory Scale-R,1,Wechsler Memory Scale-R | Visual Memory
Wechsler Memory Scale-R,1,Wechsler Memory Scale-R | Visual Memory | Visual Reproduction I
Wechsler Memory Scale-R,1,Wechsler Memory Scale-R | Visual Memory | Visual Reproduction II
Wechsler Memory Scale-R,1,Wechsler Memory Scale-R | Visual Memory | Visual Paired Associates I
Wechsler Memory Scale-R,1,Wechsler Memory Scale-R | Visual Memory | Visual Paired Associates II
Wechsler Memory Scale-R,1,Wechsler Memory Scale-R | Working Memory
Wechsler Memory Scale-R,1,Wechsler Memory Scale-R | Working Memory | Mental Control
Wechsler Memory Scale-R,1,Wechsler Memory Scale-R | Working Memory | Visual Memory Span
Wechsler Memory Scale-R,1,Wechsler Memory Scale-R | Working Memory | Digit Span
CERAD,1,CERAD
CERAD,1,CERAD | Trial 1
CERAD,1,CERAD | Trial 2
CERAD,1,CERAD | Trial 3
CERAD,1,CERAD | Delayed Recall
CERAD,1,CERAD | Recognition
CERAD,1,CERAD | False Positives
Auditory Verbal Learning Task,1,Auditory Verbal Learning Task
Auditory Verbal Learning Task,1,Auditory Verbal Learning Task | Trial 1
Auditory Verbal Learning Task,1,Auditory Verbal Learning Task | Trial 2
Auditory Verbal Learning Task,1,Auditory Verbal Learning Task | Trial 3
Auditory Verbal Learning Task,1,Auditory Verbal Learning Task | Trial 4
Auditory Verbal Learning Task,1,Auditory Verbal Learning Task | Trial 5
Auditory Verbal Learning Task,1,Auditory Verbal Learning Task | List B
Auditory Verbal Learning Task,1,Auditory Verbal Learning Task | Trial 6
Auditory Verbal Learning Task,1,Auditory Verbal Learning Task | Sum of Trials 1-5
Auditory Verbal Learning Task,1,Auditory Verbal Learning Task | 30' Delay
Auditory Verbal Learning Task,1,Auditory Verbal Learning Task | Recognition
Auditory Verbal Learning Task,1,Auditory Verbal Learning Task | False Positive Errors
Auditory Verbal Learning Task,1,Auditory Verbal Learning Task | Recognition %
Auditory Verbal Learning Task,1,Auditory Verbal Learning Task | Learning Over Trials
Auditory Verbal Learning Task,1,Auditory Verbal Learning Task | Learning Efficiency Index
Auditory Verbal Learning Task,1,Auditory Verbal Learning Task | Short Term Retention %
Auditory Verbal Learning Task,1,Auditory Verbal Learning Task | Long Term Retention %
California Verbal Learning Task-II,1,California Verbal Learning Task-II | Immediate Recall
California Verbal Learning Task-II,1,California Verbal Learning Task-II | Immediate Recall | Trial 1
California Verbal Learning Task-II,1,California Verbal Learning Task-II | Immediate Recall | Trial 2
California Verbal Learning Task-II,1,California Verbal Learning Task-II | Immediate Recall | Trial 3
California Verbal Learning Task-II,1,California Verbal Learning Task-II | Immediate Recall | Trial 4
California Verbal Learning Task-II,1,California Verbal Learning Task-II | Immediate Recall | Sum of Trials 1-4
California Verbal Learning Task-II,1,California Verbal Learning Task-II | Delayed Recall
California Verbal Learning Task-II,1,California Verbal Learning Task-II | Delayed Recall | Short Delayed Free Recall
California Verbal Learning Task-II,1,California Verbal Learning Task-II | Delayed Recall | Long Delayed Free Recall
California Verbal Learning Task-II,1,California Verbal Learning Task-II | Delayed Recall | Long Delayed Cued Recall
California Verbal Learning Task-II,1,California Verbal Learning Task-II | Learning Characteristics
California Verbal Learning Task-II,1,California Verbal Learning Task-II | Learning Characteristics | Semantic Clustering
California Verbal Learning Task-II,1,California Verbal Learning Task-II | Learning Characteristics | Serial Clustering
California Verbal Learning Task-II,1,California Verbal Learning Task-II | Learning Characteristics | % Primacy
California Verbal Learning Task-II,1,California Verbal Learning Task-II | Learning Characteristics | % Middle
California Verbal Learning Task-II,1,California Verbal Learning Task-II | Learning Characteristics | % Recency
California Verbal Learning Task-II,1,California Verbal Learning Task-II | Learning Characteristics | Total Learning Slope
California Verbal Learning Task-II,1,California Verbal Learning Task-II | Learning Characteristics | Across Trial Consistency
California Verbal Learning Task-II,1,California Verbal Learning Task-II | Recall Errors
California Verbal Learning Task-II,1,California Verbal Learning Task-II | Recall Errors | Total Repetitions
California Verbal Learning Task-II,1,California Verbal Learning Task-II | Recall Errors | Total Intrusions
California Verbal Learning Task-II,1,California Verbal Learning Task-II | Delayed Recognition
California Verbal Learning Task-II,1,California Verbal Learning Task-II | Delayed Recognition | Total Hits
California Verbal Learning Task-II,1,California Verbal Learning Task-II | Delayed Recognition | False Positives
California Verbal Learning Task-II,1,California Verbal Learning Task-II | Delayed Recognition | Discriminability
California Verbal Learning Task-II,1,California Verbal Learning Task-II | Delayed Recognition | Forced Choice: % Accuracy
California Verbal Learning Task-II,2,California Verbal Learning Task-II
California Verbal Learning Task-II,2,California Verbal Learning Task-II | Immediate Recall
California Verbal Learning Task-II,2,California Verbal Learning Task-II | Immediate Recall | Trial 1
California Verbal Learning Task-II,2,California Verbal Learning Task-II | Immediate Recall | Trial 2
California Verbal Learning Task-II,2,California Verbal Learning Task-II | Immediate Recall | Trial 3
California Verbal Learning Task-II,2,California Verbal Learning Task-II | Immediate Recall | Trial 4
California Verbal Learning Task-II,2,California Verbal Learning Task-II | Immediate Recall | Trial 5
California Verbal Learning Task-II,2,California Verbal Learning Task-II | Immediate Recall | Sum of Trials 1-5
California Verbal Learning Task-II,2,California Verbal Learning Task-II | Immediate Recall | List B: Total
California Verbal Learning Task-II,2,California Verbal Learning Task-II | Delayed Recall
California Verbal Learning Task-II,2,California Verbal Learning Task-II | Delayed Recall | Short Delayed Free Recall
California Verbal Learning Task-II,2,California Verbal Learning Task-II | Delayed Recall | Short Delayed Cued Recall
California Verbal Learning Task-II,2,California Verbal Learning Task-II | Delayed Recall | Long Delayed Free Recall
California Verbal Learning Task-II,2,California Verbal Learning Task-II | Delayed Recall | Long Delayed Cued Recall
California Verbal Learning Task-II,2,California Verbal Learning Task-II | Learning Characteristics
California Verbal Learning Task-II,2,California Verbal Learning Task-II | Learning Characteristics | Semantic Clustering
California Verbal Learning Task-II,2,California Verbal Learning Task-II | Learning Characteristics | Serial Clustering
California Verbal Learning Task-II,2,California Verbal Learning Task-II | Learning Characteristics | % Primacy
California Verbal Learning Task-II,2,California Verbal Learning Task-II | Learning Characteristics | % Middle
California Verbal Learning Task-II,2,California Verbal Learning Task-II | Learning Characteristics | % Recency
California Verbal Learning Task-II,2,California Verbal Learning Task-II | Learning Characteristics | Total Learning Slope
California Verbal Learning Task-II,2,California Verbal Learning Task-II | Learning Characteristics | Across Trial Consistency
California Verbal Learning Task-II,2,California Verbal Learning Task-II | Recall Errors
California Verbal Learning Task-II,2,California Verbal Learning Task-II | Recall Errors | Total Repetitions
California Verbal Learning Task-II,2,California Verbal Learning Task-II | Recall Errors | Total Intrusions
California Verbal Learning Task-II,2,California Verbal Learning Task-II | Delayed Recognition
California Verbal Learning Task-II,2,California Verbal Learning Task-II | Delayed Recognition | Total Hits
California Verbal Learning Task-II,2,California Verbal Learning Task-II | Delayed Recognition | False Positives
California Verbal Learning Task-II,2,California Verbal Learning Task-II | Delayed Recognition | Discriminability
California Verbal Learning Task-II,2,California Verbal Learning Task-II | Delayed Recognition | Forced Choice: % Accuracy
Hopkins Verbal Learning Task-R,1,Hopkins Verbal Learning Task-R | Trial 1
Hopkins Verbal Learning Task-R,1,Hopkins Verbal Learning Task-R | Trial 2
Hopkins Verbal Learning Task-R,1,Hopkins Verbal Learning Task-R | Trial 3
Rey-O Complex Figure Test,1,Rey-O Complex Figure Test | Copy
Boston Diagnostic Aphasia Exam-3,1,Boston Diagnostic Aphasia Exam-3 | Boston Naming  (Short)
Boston Diagnostic Aphasia Exam-3,1,Boston Diagnostic Aphasia Exam-3 | Complex Ideation
Boston Diagnostic Aphasia Exam-3,1,Boston Diagnostic Aphasia Exam-3 | Cookie Theft
Peabody Picture Vocabulary Test-3,1,Peabody Picture Vocabulary Test-3
VISUOSPATIAL,1,VISUOSPATIAL
Visual Object & Space Perception,1,Visual Object & Space Perception
Visual Object & Space Perception,1,Visual Object & Space Perception | Incomplete Letters
Visual Object & Space Perception,1,Visual Object & Space Perception | Silhouettes
Visual Object & Space Perception,1,Visual Object & Space Perception | Object Decision
Visual Object & Space Perception,1,Visual Object & Space Perception | Progressive Silhouettes
Visual Object & Space Perception,1,Visual Object & Space Perception | Dot Counting
Visual Object & Space Perception,1,Visual Object & Space Perception | Position Discrimination
Visual Object & Space Perception,1,Visual Object & Space Perception | Number Location
Visual Object & Space Perception,1,Visual Object & Space Perception | Cube Analysis
Paredidolia (Short Form),1,Paredidolia (Short Form)
Paredidolia (Short Form),1,Paredidolia (Short Form) | Correct Responses
Paredidolia (Short Form),1,Paredidolia (Short Form) | Illusory Responses
Block Design (WAIS-3),1,Block Design (WAIS-3)
ATTENTION  /  CONCENTRATION,1,ATTENTION  /  CONCENTRATION
Digit Span (WMS-3),1,Digit Span (WMS-3)
Spatial Span (WMS-3),1,Spatial Span (WMS-3)
Conner's CPT-II,1,Conner's CPT-II | ADHD Confidence Index
Random Letters Cancellation,1,Random Letters Cancellation
Random Letters Cancellation,1,Random Letters Cancellation | Left
Random Letters Cancellation,1,Random Letters Cancellation | Right
Mesulams Cancellation,1,Mesulams Cancellation
Mesulams Cancellation,1,Mesulams Cancellation | Completion Time
Mesulams Cancellation,1,Mesulams Cancellation | Errors
Line Cancellation,1,Line Cancellation
Line Cancellation,1,Line Cancellation | Completion Time
Line Cancellation,1,Line Cancellation | Errors
Symbol Cancellation,1,Symbol Cancellation
Symbol Cancellation,1,Symbol Cancellation | Completion Time
Symbol Cancellation,1,Symbol Cancellation | Errors
EXECUTIVE FUNCTIONS,1,EXECUTIVE FUNCTIONS
COWAT,1,COWAT
FAS,1,FAS
Heaton (Animals),1,Heaton (Animals)
"Category Fluency (A, F, V)",1,"Category Fluency (A, F, V)"
Frontal Assessment Battery,1,Frontal Assessment Battery
Frontal Assessment Battery,1,Frontal Assessment Battery | Trail Making Test
Frontal Assessment Battery,1,Frontal Assessment Battery | Trail Making Test | Part A
Frontal Assessment Battery,1,Frontal Assessment Battery | Trail Making Test | Part B
DKEFS - Trail Making,1,DKEFS - Trail Making | Number-Letter Switching | Total Errors
DKFES - Verbal Fluency,1,DKFES - Verbal Fluency
DKFES - Verbal Fluency,1,DKFES - Verbal Fluency | Letter Fluency
DKFES - Verbal Fluency,1,DKFES - Verbal Fluency | Category Fluency
DKFES - Verbal Fluency,1,DKFES - Verbal Fluency | Switching Fluency
DKFES - Verbal Fluency,1,DKFES - Verbal Fluency | Switching Accuracy
DKEFS - Design Fluency,1,DKEFS - Design Fluency | Switching | Total Repetitions
DKEFS - CW Interference,1,DKEFS - CW Interference
DKEFS - CW Interference,1,DKEFS - CW Interference | Color Naming
DKEFS - CW Interference,1,DKEFS - CW Interference | Word Reading
DKEFS - CW Interference,1,DKEFS - CW Interference | Inhibition
DKEFS - CW Interference,1,DKEFS - CW Interference | Inhibition/Switching
DKEFS - CW Interference,1,DKEFS - CW Interference | Inhibition/Switching | Total Errors
Tapping Sequence,1,Tapping Sequence
Multiple Loops,1,Multiple Loops
Multiple Loops,1,Multiple Loops | Design Errors
Multiple Loops,1,Multiple Loops | Frequency Errors
Recurrent Series,1,Recurrent Series
Recurrent Series,1,Recurrent Series | Design Errors
Recurrent Series,1,Recurrent Series | Frequency Errors
SENSORY  /  MOTOR,1,SENSORY  /  MOTOR
Finger Tapping,1,Finger Tapping
Finger Tapping,1,Finger Tapping | Dominant Hand
Finger Tapping,1,Finger Tapping | Non-Dominant Hand
MOOD  /  PERSONALITY  /  OTHER,1,MOOD  /  PERSONALITY  /  OTHER
Geriatric Depression Scale (Short),1,Geriatric Depression Scale (Short)
Geriatric Depression Scale (Long),1,Geriatric Depression Scale (Long)
ADFACS (Modified Scores),1,ADFACS (Modified Scores) | Independent ADL's
ADFACS (Modified Scores),1,ADFACS (Modified Scores) | Total Impairment
RAADS-14,1,RAADS-14
CAARS,1,CAARS
CAARS,1,CAARS | Self Report
ADHD Rating Scales-IV (Adult),1,ADHD Rating Scales-IV (Adult)
ADHD Rating Scales-IV (Adult),1,ADHD Rating Scales-IV (Adult) | Childhood Symptoms
ADHD Rating Scales-IV (Adult),1,ADHD Rating Scales-IV (Adult) | Childhood Symptoms | Inattention
ADHD Rating Scales-IV (Adult),1,ADHD Rating Scales-IV (Adult) | Childhood Symptoms | Hyperactivity-Impulsivity
ADHD Rating Scales-IV (Adult),1,ADHD Rating Scales-IV (Adult) | Childhood Symptoms | Total ADHD
ADHD Rating Scales-IV (Adult),1,ADHD Rating Scales-IV (Adult) | Current Symptoms
ADHD Rating Scales-IV (Adult),1,ADHD Rating Scales-IV (Adult) | Current Symptoms | Inattention
ADHD Rating Scales-IV (Adult),1,ADHD Rating Scales-IV (Adult) | Current Symptoms | Hyperactivity-Impulsivity
ADHD Rating Scales-IV (Adult),1,ADHD Rating Scales-IV (Adult) | Current Symptoms | Total ADHD
ASEBA - Adult Self Report,1,ASEBA - Adult Self Report | Self-Report
ASEBA - Adult Self Report,1,ASEBA - Adult Self Report | Self-Report | Anxious / Depressed
ASEBA - Adult Self Report,1,ASEBA - Adult Self Report | Self-Report | Withdrawn
ASEBA - Adult Self Report,1,ASEBA - Adult Self Report | Self-Report | Somatic Complaints
ASEBA - Adult Self Report,1,ASEBA - Adult Self Report | Self-Report | Thought Problems
ASEBA - Adult Self Report,1,ASEBA - Adult Self Report | Self-Report | Attention Problems
ASEBA - Adult Self Report,1,ASEBA - Adult Self Report | Self-Report | Aggressive Behavior
ASEBA - Adult Self Report,1,ASEBA - Adult Self Report | Self-Report | Rule-Breaking Behavior
ASEBA - Adult Self Report,1,ASEBA - Adult Self Report | Self-Report | Intrusive
ASEBA - Adult Self Report,1,ASEBA - Adult Self Report | Self-Report | AD/H Problems
ASEBA - Adult Self Report,1,ASEBA - Adult Self Report | Self-Report | AD/H Problems | Inattention
ASEBA - Adult Self Report,1,ASEBA - Adult Self Report | Self-Report | AD/H Problems | Hyper-Impulsivity
ASEBA - Adult Self Report,1,ASEBA - Adult Self Report | Self-Report | Collateral Report
ASEBA - Adult Self Report,1,ASEBA - Adult Self Report | Self-Report | Collateral Report | Anxious / Depressed
ASEBA - Adult Self Report,1,ASEBA - Adult Self Report | Self-Report | Collateral Report | Withdrawn
ASEBA - Adult Self Report,1,ASEBA - Adult Self Report | Self-Report | Collateral Report | Somatic Complaints
ASEBA - Adult Self Report,1,ASEBA - Adult Self Report | Self-Report | Collateral Report | Thought Problems
ASEBA - Adult Self Report,1,ASEBA - Adult Self Report | Self-Report | Collateral Report | Attention Problems
ASEBA - Adult Self Report,1,ASEBA - Adult Self Report | Self-Report | Collateral Report | Aggressive Behavior
ASEBA - Adult Self Report,1,ASEBA - Adult Self Report | Self-Report | Collateral Report | Rule-Breaking Behavior
ASEBA - Adult Self Report,1,ASEBA - Adult Self Report | Self-Report | Collateral Report | Intrusive
ASEBA - Adult Self Report,1,ASEBA - Adult Self Report | Self-Report | Collateral Report | AD/H Problems
ASEBA - Adult Self Report,1,ASEBA - Adult Self Report | Self-Report | Collateral Report | AD/H Problems | Inattention
ASEBA - Adult Self Report,1,ASEBA - Adult Self Report | Self-Report | Collateral Report | AD/H Problems | Hyper-Impulsivity
ASEBA - Adult Behavior Checklist,1,ASEBA - Adult Behavior Checklist | Self-Report
ASEBA - Adult Behavior Checklist,1,ASEBA - Adult Behavior Checklist | Self-Report | Anxious / Depressed
ASEBA - Adult Behavior Checklist,1,ASEBA - Adult Behavior Checklist | Self-Report | Withdrawn
ASEBA - Adult Behavior Checklist,1,ASEBA - Adult Behavior Checklist | Self-Report | Somatic Complaints
ASEBA - Adult Behavior Checklist,1,ASEBA - Adult Behavior Checklist | Self-Report | Thought Problems
ASEBA - Adult Behavior Checklist,1,ASEBA - Adult Behavior Checklist | Self-Report | Attention Problems
ASEBA - Adult Behavior Checklist,1,ASEBA - Adult Behavior Checklist | Self-Report | Aggressive Behavior
ASEBA - Adult Behavior Checklist,1,ASEBA - Adult Behavior Checklist | Self-Report | Rule-Breaking Behavior
ASEBA - Adult Behavior Checklist,1,ASEBA - Adult Behavior Checklist | Self-Report | Intrusive
ASEBA - Adult Behavior Checklist,1,ASEBA - Adult Behavior Checklist | Self-Report | AD/H Problems
ASEBA - Adult Behavior Checklist,1,ASEBA - Adult Behavior Checklist | Self-Report | AD/H Problems | Inattention
ASEBA - Adult Behavior Checklist,1,ASEBA - Adult Behavior Checklist | Self-Report | AD/H Problems | Hyper-Impulsivity
ASEBA - Adult Behavior Checklist,1,ASEBA - Adult Behavior Checklist | Self-Report | Collateral Report
ASEBA - Adult Behavior Checklist,1,ASEBA - Adult Behavior Checklist | Self-Report | Collateral Report | Anxious / Depressed
ASEBA - Adult Behavior Checklist,1,ASEBA - Adult Behavior Checklist | Self-Report | Collateral Report | Withdrawn
ASEBA - Adult Behavior Checklist,1,ASEBA - Adult Behavior Checklist | Self-Report | Collateral Report | Somatic Complaints
ASEBA - Adult Behavior Checklist,1,ASEBA - Adult Behavior Checklist | Self-Report | Collateral Report | Thought Problems
ASEBA - Adult Behavior Checklist,1,ASEBA - Adult Behavior Checklist | Self-Report | Collateral Report | Attention Problems
ASEBA - Adult Behavior Checklist,1,ASEBA - Adult Behavior Checklist | Self-Report | Collateral Report | Aggressive Behavior
ASEBA - Adult Behavior Checklist,1,ASEBA - Adult Behavior Checklist | Self-Report | Collateral Report | Rule-Breaking Behavior
ASEBA - Adult Behavior Checklist,1,ASEBA - Adult Behavior Checklist | Self-Report | Collateral Report | Intrusive
ASEBA - Adult Behavior Checklist,1,ASEBA - Adult Behavior Checklist | Self-Report | Collateral Report | AD/H Problems
ASEBA - Adult Behavior Checklist,1,ASEBA - Adult Behavior Checklist | Self-Report | Collateral Report | AD/H Problems | Inattention
ASEBA - Adult Behavior Checklist,1,ASEBA - Adult Behavior Checklist | Self-Report | Collateral Report | AD/H Problems | Hyper-Impulsivity
FACT-Br,1,FACT-Br | Fatigue
Personality Assessment Inventory,1,Personality Assessment Inventory | ICN
Personality Assessment Inventory,1,Personality Assessment Inventory | INF
Personality Assessment Inventory,1,Personality Assessment Inventory | NIM
Personality Assessment Inventory,1,Personality Assessment Inventory | PIM
Personality Assessment Inventory,1,Personality Assessment Inventory | SOM
Personality Assessment Inventory,1,Personality Assessment Inventory | ANX
Personality Assessment Inventory,1,Personality Assessment Inventory | ARD
Personality Assessment Inventory,1,Personality Assessment Inventory | DEP
Personality Assessment Inventory,1,Personality Assessment Inventory | MAN
Personality Assessment Inventory,1,Personality Assessment Inventory | PAR
Personality Assessment Inventory,1,Personality Assessment Inventory | SCZ
Personality Assessment Inventory,1,Personality Assessment Inventory | BOR
Personality Assessment Inventory,1,Personality Assessment Inventory | ANT
Personality Assessment Inventory,1,Personality Assessment Inventory | ALC
Personality Assessment Inventory,1,Personality Assessment Inventory | DRG
Personality Assessment Inventory,1,Personality Assessment Inventory | AGG
Personality Assessment Inventory,1,Personality Assessment Inventory | SUI
Personality Assessment Inventory,1,Personality Assessment Inventory | STR
Personality Assessment Inventory,1,Personality Assessment Inventory | NON
Personality Assessment Inventory,1,Personality Assessment Inventory | RXR
Personality Assessment Inventory,1,Personality Assessment Inventory | DOM
Personality Assessment Inventory,1,Personality Assessment Inventory | WRM
Traumatic Symptom Inventory,1,Traumatic Symptom Inventory | ATR
Traumatic Symptom Inventory,1,Traumatic Symptom Inventory | RL
Traumatic Symptom Inventory,1,Traumatic Symptom Inventory | INC
Traumatic Symptom Inventory,1,Traumatic Symptom Inventory | AA
Traumatic Symptom Inventory,1,Traumatic Symptom Inventory | D
Traumatic Symptom Inventory,1,Traumatic Symptom Inventory | Al
Traumatic Symptom Inventory,1,Traumatic Symptom Inventory | IE
Traumatic Symptom Inventory,1,Traumatic Symptom Inventory | DA
Traumatic Symptom Inventory,1,Traumatic Symptom Inventory | DIS
Traumatic Symptom Inventory,1,Traumatic Symptom Inventory | SC
Traumatic Symptom Inventory,1,Traumatic Symptom Inventory | DSB
Traumatic Symptom Inventory,1,Traumatic Symptom Inventory | ISR
Traumatic Symptom Inventory,1,Traumatic Symptom Inventory | TRB
MMPI-RF,1,MMPI-RF
MMPI-RF,1,MMPI-RF | L-r
MMPI-RF,1,MMPI-RF | F-r
MMPI-RF,1,MMPI-RF | K-r
MMPI-RF,1,MMPI-RF | EID
MMPI-RF,1,MMPI-RF | THD
MMPI-RF,1,MMPI-RF | BDX
MMPI-RF,1,MMPI-RF | RCd
MMPI-RF,1,MMPI-RF | RC1
MMPI-RF,1,MMPI-RF | RC2
MMPI-RF,1,MMPI-RF | RC3
MMPI-RF,1,MMPI-RF | RC4
MMPI-RF,1,MMPI-RF | RC6
MMPI-RF,1,MMPI-RF | RC7
MMPI-RF,1,MMPI-RF | RC8
MMPI-RF,1,MMPI-RF | RC9
MMPI-2,1,MMPI-2
MMPI-2,1,MMPI-2 | L
MMPI-2,1,MMPI-2 | F
MMPI-2,1,MMPI-2 | K
MMPI-2,1,MMPI-2 | 1 - Hs
MMPI-2,1,MMPI-2 | 2 - D
MMPI-2,1,MMPI-2 | 3 - Hy
MMPI-2,1,MMPI-2 | 4 - Pd
MMPI-2,1,MMPI-2 | 5 - Mf
MMPI-2,1,MMPI-2 | 6 - Pa
MMPI-2,1,MMPI-2 | 7 - Pt
MMPI-2,1,MMPI-2 | 8 - Sc
MMPI-2,1,MMPI-2 | 9 - Ma
MMPI-2,1,MMPI-2 | 0 - Si
PCL-5,1,PCL-5
Rey-Auditory Verbal Learning Task,1,Rey-Auditory Verbal Learning Task | Immediate Recall
Wechsler Individual Achievement Test-III,1,Wechsler Individual Achievement Test-III | Written Expression | Listening Comprehension
Wechsler Individual Achievement Test-III,1,Wechsler Individual Achievement Test-III | Written Expression | Listening Comprehension | (Receptive Vocabulary)
Wechsler Individual Achievement Test-III,1,Wechsler Individual Achievement Test-III | Written Expression | Listening Comprehension | (Oral Discourse Comprehension)
Wechsler Individual Achievement Test-III,1,Wechsler Individual Achievement Test-III | Written Expression | Oral Expression
Wechsler Individual Achievement Test-III,1,Wechsler Individual Achievement Test-III | Written Expression | Oral Expression | (Sentence Repetition)
Wechsler Individual Achievement Test-III,1,Wechsler Individual Achievement Test-III | Written Expression | Oral Expression | (Expressive Vocabulary)
Wechsler Individual Achievement Test-III,1,Wechsler Individual Achievement Test-III | Written Expression | Oral Expression | (Oral Word Fluency)
Animal Naming,1,Animal Naming
Trail Making Test: Part-A,1,Trail Making Test: Part-A
Trail Making Test: Part-B,1,Trail Making Test: Part-B
ILS-Health and Safety,1,ILS-Health and Safety
ILS-Health and Safety,1,ILS-Health and Safety | Memory/ Orientation
ILS-Health and Safety,1,ILS-Health and Safety | Managing Money
ILS-Health and Safety,1,ILS-Health and Safety | Managing Home and Transportation
ILS-Health and Safety,1,ILS-Health and Safety | Health and Safety
ILS-Health and Safety,1,ILS-Health and Safety | Social Adjustment
Finger Speed,1,Finger Speed | Dominant Hand (R)
Finger Speed,1,Finger Speed | Non-Dominant Hand (L)
Grip Strength,1,Grip Strength | Dominant Hand (R)
Grip Strength,1,Grip Strength | Non-Dominant Hand (L)
Grooved Pegboard,1,Grooved Pegboard | Dominant Hand (R)
Grooved Pegboard,1,Grooved Pegboard | Dominant Hand (R) | Trial 2
Grooved Pegboard,1,Grooved Pegboard | Non-Dominant Hand (L)
Grooved Pegboard,1,Grooved Pegboard | Non-Dominant Hand (L) | Trial 2
9-Hole Pegboard,1,9-Hole Pegboard | Dominant Hand (R)
9-Hole Pegboard,1,9-Hole Pegboard | Dominant Hand (R) | Trial 2
9-Hole Pegboard,1,9-Hole Pegboard | Non-Dominant Hand (L)
9-Hole Pegboard,1,9-Hole Pegboard | Non-Dominant Hand (L) | Trial 2
ASEBA - Adult Self Report,1,ASEBA - Adult Self Report | Self-Report | Inattention
ASEBA - Adult Self Report,1,ASEBA - Adult Self Report | Self-Report | Hyper-Impulsivity
ASEBA - Adult Self Report,1,ASEBA - Adult Self Report | Collateral Report
ASEBA - Adult Self Report,1,ASEBA - Adult Self Report | Collateral Report | Anxious / Depressed
ASEBA - Adult Self Report,1,ASEBA - Adult Self Report | Collateral Report | Withdrawn
ASEBA - Adult Self Report,1,ASEBA - Adult Self Report | Collateral Report | Somatic Complaints
ASEBA - Adult Self Report,1,ASEBA - Adult Self Report | Collateral Report | Thought Problems
ASEBA - Adult Self Report,1,ASEBA - Adult Self Report | Collateral Report | Attention Problems
ASEBA - Adult Self Report,1,ASEBA - Adult Self Report | Collateral Report | Aggressive Behavior
ASEBA - Adult Self Report,1,ASEBA - Adult Self Report | Collateral Report | Rule-Breaking Behavior
ASEBA - Adult Self Report,1,ASEBA - Adult Self Report | Collateral Report | Intrusive
ASEBA - Adult Self Report,1,ASEBA - Adult Self Report | Collateral Report | AD/H Problems
ASEBA - Adult Self Report,1,ASEBA - Adult Self Report | Collateral Report | Inattention
ASEBA - Adult Self Report,1,ASEBA - Adult Self Report | Collateral Report | Hyper-Impulsivity
ASEBA - Adult Behavior Checklist,1,ASEBA - Adult Behavior Checklist | Self-Report | Inattention
ASEBA - Adult Behavior Checklist,1,ASEBA - Adult Behavior Checklist | Self-Report | Hyper-Impulsivity
ASEBA - Adult Behavior Checklist,1,ASEBA - Adult Behavior Checklist | Collateral Report
ASEBA - Adult Behavior Checklist,1,ASEBA - Adult Behavior Checklist | Collateral Report | Anxious / Depressed
ASEBA - Adult Behavior Checklist,1,ASEBA - Adult Behavior Checklist | Collateral Report | Withdrawn
ASEBA - Adult Behavior Checklist,1,ASEBA - Adult Behavior Checklist | Collateral Report | Somatic Complaints
ASEBA - Adult Behavior Checklist,1,ASEBA - Adult Behavior Checklist | Collateral Report | Thought Problems
ASEBA - Adult Behavior Checklist,1,ASEBA - Adult Behavior Checklist | Collateral Report | Attention Problems
ASEBA - Adult Behavior Checklist,1,ASEBA - Adult Behavior Checklist | Collateral Report | Aggressive Behavior
ASEBA - Adult Behavior Checklist,1,ASEBA - Adult Behavior Checklist | Collateral Report | Rule-Breaking Behavior
ASEBA - Adult Behavior Checklist,1,ASEBA - Adult Behavior Checklist | Collateral Report | Intrusive
ASEBA - Adult Behavior Checklist,1,ASEBA - Adult Behavior Checklist | Collateral Report | AD/H Problems
ASEBA - Adult Behavior Checklist,1,ASEBA - Adult Behavior Checklist | Collateral Report | Inattention
ASEBA - Adult Behavior Checklist,1,ASEBA - Adult Behavior Checklist | Collateral Report | Hyper-Impulsivity
MMPI-2,1,MMPI-2 | VRIN
MMPI-2,1,MMPI-2 | TRIN
MMPI-2,1,MMPI-2 | Fb
MMPI-2,1,MMPI-2 | Fp
Rey-15 Item,1,Rey-15 Item | Immediate Recall
Rey-15 Item,1,Rey-15 Item | Recognition
MMPI-2,1,MMPI-2 | S
